"id";"cust_type";"legal_name";"tx_id";"reg_dt";"pref_market";"pref_share"
1;"Active";"CROWLEY LINER SERVICE";"55-9500123";1981-10-10;"Y";"Y"
2;"Active";"CROWLEY MARITIME";"55-9500123";;"Y";"Y"
3;"Active";"BAKER TANKS INC";"55-9500123";1969-08-03;"Y";"Y"
4;"Prospect";"CROWLEY LINER SERVICE";"55-9500123";1964-05-02;"Y";"Y"
5;"Active";"REFRICENTRO INC";"55-9500123";;"Y";"Y"
6;"Active";"CITGO PETROLEUM";"55-9500123";2009-10-31;"Y";"Y"
7;"Prospect";"VERSABAR INC";"55-9500123";1958-11-02;"Y";"Y"
8;"Active";"ELECTROLUX HOME PRODUCTS INTL";"55-9500123";;"Y";"Y"
9;"Active";"DEPARTMENT OF THE ARMY";"55-9500123";2001-10-28;"Y";"Y"
10;"Active";"STAR BEDDING MFG INC";"55-9500123";1994-09-23;"Y";"Y"
11;"Active";"ALPLA CARIBE INC";"55-9500123";;"Y";"Y"
12;"Closed";"ECONOCARIBE CONSOLIDATORS INC";"55-9500123";1900-01-01;"Y";"Y"
13;"Active";"___";"55-9500123";;"Y";"Y"
14;"Active";"UPS FREIGHT";"55-9500123";1944-06-12;"Y";"Y"
15;"Closed";"SOUTHEASTERN FREIGHT LINES";"55-9500123";1900-01-01;"Y";"Y"
16;"Active";"YRC INC";"55-9500123";;"Y";"Y"
17;"Prospect";"YRC INC";"55-9500123";;"Y";"Y"
18;"Prospect";"YRC INC";"55-9500123";;"Y";"Y"
19;"Active";"AVERITT EXPRESS";"55-9500123";1938-12-03;"Y";"Y"
20;"Active";"WALMART 6010";"55-9500123";;"Y";"Y"
21;"Active";"WALMART 6010";"55-9500123";;"Y";"Y"
22;"Prospect";"WALMART 6010";"55-9500123";1997-05-14;"Y";"Y"
23;"Active";"WALMART 6010";"55-9500123";1951-03-18;"Y";"Y"
24;"Active";"WALMART 6010";"55-9500123";1943-10-31;"Y";"Y"
25;"Active";"YRC INC";"55-9500123";;"Y";"Y"
26;"Active";"SOUTHEASTERN FREIGHT LINES";"55-9500123";;"Y";"Y"
27;"Active";"*";"55-9500123";1948-12-10;"Y";"Y"
28;"Closed";"ORGILL INC";"55-9500123";1900-01-01;"Y";"Y"
29;"Active";"ORGILL INC";"55-9500123";;"Y";"Y"
30;"Active";"ORGILL INC";"55-9500123";;"Y";"Y"
31;"Active";"ORGILL INC";"55-9500123";;"Y";"Y"
32;"Active";"ORGILL INC";"55-9500123";2010-08-22;"Y";"Y"
33;"Active";"*";"55-9500123";1977-01-02;"Y";"Y"
34;"Active";"UPS FREIGHT";"55-9500123";2007-11-30;"Y";"Y"
35;"Active";"SOUTHEASTERN FREIGHT LINES";"55-9500123";1967-03-01;"Y";"Y"
36;"Active";"ORGILL INC";"55-9500123";1925-12-24;"Y";"Y"
37;"Closed";"BELLVILLE RODAIR INTERNATIONAL";"55-9500123";1900-01-01;"Y";"Y"
38;"Closed";"ORGILL INC";"55-9500123";1900-01-01;"Y";"Y"
39;"Active";"ORGILL INC";"55-9500123";1987-04-01;"Y";"Y"
40;"Active";"SOUTHEASTERN FREIGHT LINES";"55-9500123";;"Y";"Y"
41;"Active";"LOGISTICS MANAGEMENT INTERNATIONAL";"55-9500123";2011-04-24;"Y";"Y"
42;"Closed";"PEP BOYS DISTRIBUTION CENTER";"55-9500123";1900-01-01;"Y";"Y"
43;"Active";"PEP BOYS DISTRIBUTION CENTER";"55-9500123";;"Y";"Y"
44;"Active";"PEP BOYS DISTRIBUTION CENTER";"55-9500123";1935-10-21;"Y";"Y"
45;"Closed";"PEP BOYS DISTRIBUTION CENTER";"55-9500123";1900-01-01;"Y";"Y"
46;"Active";"CARIBBEAN REFRESCOS INC";"55-9500123";;"Y";"Y"
47;"Active";"REINDEER AUTO RELOCATION";"55-9500123";;"Y";"Y"
48;"Prospect";"MERCADO AUTO SALES";"55-9500123";;"Y";"Y"
49;"Prospect";"MERCADO AUTO SALES";"55-9500123";1993-08-10;"Y";"Y"
50;"Active";"~~~";"55-9500123";;"Y";"Y"
51;"Active";"MERCADO AUTO SALES";"55-9500123";1984-03-20;"Y";"Y"
52;"Closed";"MERCADO AUTO SALES";"55-9500123";1900-01-01;"Y";"Y"
53;"Active";"MERCADO AUTO SALES";"55-9500123";1918-07-16;"Y";"Y"
54;"Active";"MERCADO AUTO SALES";"55-9500123";1951-10-24;"Y";"Y"
55;"Prospect";"NEW WAVE INC";"55-9500123";;"Y";"Y"
56;"Active";"NEW WAVE INC";"55-9500123";1952-01-12;"Y";"Y"
57;"Active";"NEW WAVE INC";"55-9500123";1995-06-16;"Y";"Y"
58;"Prospect";"NEW WAVE INC";"55-9500123";;"Y";"Y"
59;"Closed";"NEW WAVE INC";"55-9500123";1900-01-01;"Y";"Y"
60;"Closed";"NEW WAVE INC";"55-9500123";1900-01-01;"Y";"Y"
61;"Active";;"55-9500123";;"Y";"Y"
62;"Prospect";;"55-9500123";;"Y";"Y"
63;"Prospect";"NEW WAVE INC";"55-9500123";1965-05-09;"Y";"Y"
64;"Closed";"NEW WAVE INC";"55-9500123";1900-01-01;"Y";"Y"
65;"Active";"NEW WAVE INC";"55-9500123";1978-11-02;"Y";"Y"
66;"Active";"NEW WAVE INC";"55-9500123";;"Y";"Y"
67;"Prospect";"BMW OF NORTH AMERICA LLC";"55-9500123";1928-07-14;"Y";"Y"
68;"Active";"BMW OF NORTH AMERICA LLC";"55-9500123";;"Y";"Y"
69;"Active";"BMW OF NORTH AMERICA LLC";"55-9500123";;"Y";"Y"
70;"Active";"BMW OF NORTH AMERICA LLC";"55-9500123";1923-03-24;"Y";"Y"
71;"Active";"SDDC";"55-9500123";;"Y";"Y"
72;"Active";"BLUE OCEAN TRANSPORT";"55-9500123";1908-07-16;"Y";"Y"
73;"Active";"BMW OF NORTH AMERICA LLC";"55-9500123";1961-04-27;"Y";"Y"
74;"Active";"BMW OF NORTH AMERICA LLC";"55-9500123";1902-03-22;"Y";"Y"
75;"Active";"NEW WAVE INC";"55-9500123";;"Y";"Y"
76;"Closed";;"55-9500123";1900-01-01;"Y";"Y"
77;"Active";"GENERAL MOTORS CORPORATION";"55-9500123";;"Y";"Y"
78;"Active";"GENERAL MOTORS CORPORATION";"55-9500123";;"Y";"Y"
79;"Active";"GENERAL MOTORS CORPORATION";"55-9500123";1939-02-26;"Y";"Y"
80;"Active";"DAS GLOBAL SERVICES FMC17348NF";"55-9500123";1900-10-29;"Y";"Y"
81;"Active";"BMW OF NORTH AMERICA LLC";"55-9500123";1999-01-17;"Y";"Y"
82;"Active";"BMW OF NORTH AMERICA LLC";"55-9500123";1967-08-08;"Y";"Y"
83;"Active";"BMW OF NORTH AMERICA LLC";"55-9500123";1986-03-06;"Y";"Y"
84;"Active";"BMW OF NORTH AMERICA LLC";"55-9500123";;"Y";"Y"
85;"Active";"BMW OF NORTH AMERICA LLC";"55-9500123";1971-10-10;"Y";"Y"
86;"Active";"BMW OF NORTH AMERICA LLC";"55-9500123";1910-08-18;"Y";"Y"
87;"Active";"BMW OF NORTH AMERICA LLC";"55-9500123";1905-08-05;"Y";"Y"
88;"Closed";"BMW OF NORTH AMERICA LLC";"55-9500123";1900-01-01;"Y";"Y"
89;"Active";"BMW OF NORTH AMERICA LLC";"55-9500123";;"Y";"Y"
90;"Active";"BMW OF NORTH AMERICA LLC";"55-9500123";2003-05-09;"Y";"Y"
91;"Active";"GENERAL MOTORS CORPORATION";"55-9500123";1995-02-03;"Y";"Y"
92;"Active";"BMW OF NORTH AMERICA LLC";"55-9500123";;"Y";"Y"
93;"Active";"BMW OF NORTH AMERICA LLC";"55-9500123";1966-10-07;"Y";"Y"
94;"Active";"BMW OF NORTH AMERICA LLC";"55-9500123";;"Y";"Y"
95;"Active";"BMW OF NORTH AMERICA LLC";"55-9500123";1929-05-05;"Y";"Y"
96;"Prospect";"BMW OF NORTH AMERICA LLC";"55-9500123";1912-05-07;"Y";"Y"
97;"Active";"ABSOLUTE POWERHOUSE INC";"55-9500123";;"Y";"Y"
98;"Closed";"SDDC";"55-9500123";1900-01-01;"Y";"Y"
99;"Active";"SDDC";"55-9500123";2013-05-14;"Y";"Y"
100;"Closed";"GENERAL MOTORS CORPORATION";"55-9500123";1900-01-01;"Y";"Y"
101;"Active";;"55-9500123";1960-05-25;"Y";"Y"
102;"Active";"SDDC";"55-9500123";;"Y";"Y"
103;"Active";"GENERAL MOTORS CORPORATION";"55-9500123";1973-03-26;"Y";"Y"
104;"Active";"BMW OF NORTH AMERICA LLC";"55-9500123";;"Y";"Y"
105;"Active";"GENERAL MOTORS CORPORATION";"55-9500123";;"Y";"Y"
106;"Active";"BMW OF NORTH AMERICA LLC";"55-9500123";;"Y";"Y"
107;"Active";"BMW OF NORTH AMERICA LLC";"55-9500123";1961-03-10;"Y";"Y"
108;"Active";"GENERAL MOTORS CORPORATION";"55-9500123";;"Y";"Y"
109;"Active";;"55-9500123";;"Y";"Y"
110;"Active";"GENERAL MOTORS CORPORATION";"55-9500123";;"Y";"Y"
111;"Prospect";"GENERAL MOTORS CORPORATION";"55-9500123";;"Y";"Y"
112;"Active";"SDDC";"55-9500123";1958-10-16;"Y";"Y"
113;"Active";"GENERAL MOTORS CORPORATION";"55-9500123";1920-01-24;"Y";"Y"
114;"Active";"GENERAL MOTORS CORPORATION";"55-9500123";;"Y";"Y"
115;"Active";"GENERAL MOTORS CORPORATION";"55-9500123";2003-04-01;"Y";"Y"
116;"Active";"GENERAL MOTORS CORPORATION";"55-9500123";;"Y";"Y"
117;"Active";"GENERAL MOTORS CORPORATION";"55-9500123";;"Y";"Y"
118;"Active";"GENERAL MOTORS CORPORATION";"55-9500123";;"Y";"Y"
119;"Active";"GENERAL MOTORS CORPORATION";"55-9500123";;"Y";"Y"
120;"Active";"GENERAL MOTORS CORPORATION";"55-9500123";;"Y";"Y"
121;"Closed";;"55-9500123";1900-01-01;"Y";"Y"
122;"Active";"SHAUN SMITH DBA SOS TOWING";"55-9500123";2000-03-29;"Y";"Y"
123;"Active";"GENERAL MOTORS CORPORATION";"55-9500123";1912-02-07;"Y";"Y"
124;"Active";"AMERIFLEET TRANSPORTATION";"55-9500123";1948-05-30;"Y";"Y"
125;"Prospect";"AMERIFLEET TRANSPORTATION";"55-9500123";1980-12-18;"Y";"Y"
126;"Active";"TRANSPORTE SONNELL INC";"55-9500123";1910-05-15;"Y";"Y"
127;"Prospect";"TRANSPORTE SONNELL INC";"55-9500123";;"Y";"Y"
128;"Active";"TRANSPORTE SONNELL INC";"55-9500123";2006-07-30;"Y";"Y"
129;"Active";"TRANSPORTE SONNELL INC";"55-9500123";;"Y";"Y"
130;"Active";"TRANSPORTE SONNELL INC";"55-9500123";;"Y";"Y"
131;"Prospect";"TRANSPORTE SONNELL INC";"55-9500123";1977-12-21;"Y";"Y"
132;"Closed";"TRANSPORTE SONNELL INC";"55-9500123";1900-01-01;"Y";"Y"
133;"Active";"MERCADO AUTO SALES";"55-9500123";;"Y";"Y"
134;"Active";"RYDER USED TRUCK SALES";"55-9500123";2002-09-10;"Y";"Y"
135;"Prospect";"NEW LIFE ENVIRONMENTAL";"55-9500123";;"Y";"Y"
136;"Active";"C & C BULK LIQUID TRANSFER INC";"55-9500123";1942-05-09;"Y";"Y"
137;"Active";"C & C BULK LIQUID TRANSFER INC";"55-9500123";;"Y";"Y"
138;"Active";"C & C BULK LIQUID TRANSFER INC";"55-9500123";1909-12-12;"Y";"Y"
139;"Active";"C & C BULK LIQUID TRANSFER INC";"55-9500123";;"Y";"Y"
140;"Active";"C & C BULK LIQUID TRANSFER INC";"55-9500123";;"Y";"Y"
141;"Active";"C & C BULK LIQUID TRANSFER INC";"55-9500123";;"Y";"Y"
142;"Active";"C & C BULK LIQUID TRANSFER INC";"55-9500123";;"Y";"Y"
143;"Prospect";"WR GRACE & CO";"55-9500123";;"Y";"Y"
144;"Active";"SACHS CHEMICAL";"55-9500123";1922-12-27;"Y";"Y"
145;"Active";"UNIVAR USA INC";"55-9500123";;"Y";"Y"
146;"Active";"OPTIMODAL INC";"55-9500123";1910-09-23;"Y";"Y"
147;"Active";"OPTIMODAL INC";"55-9500123";;"Y";"Y"
148;"Active";"OPTIMODAL INC";"55-9500123";1918-01-20;"Y";"Y"
149;"Prospect";"TITCO CORP";"55-9500123";;"Y";"Y"
150;"Prospect";"C & C BULK LIQUID TRANSFER INC";"55-9500123";;"Y";"Y"
151;"Active";"AMALIE OIL COMPANY";"55-9500123";2012-10-12;"Y";"Y"
152;"Active";"BLT LOGISITICS";"55-9500123";2005-06-29;"Y";"Y"
153;"Active";"NEW WAVE INC";"55-9500123";;"Y";"Y"
154;"Active";"CAMPERS DEL NORTE";"55-9500123";1991-04-12;"Y";"Y"
155;"Prospect";"AVERITT EXPRESS";"55-9500123";1932-08-06;"Y";"Y"
156;"Active";"US POSTAL SERVICE";"55-9500123";1995-06-10;"Y";"Y"
157;"Closed";"EATON CORPORATION";"55-9500123";1900-01-01;"Y";"Y"
158;"Active";"LYNDEN INTERNATIONAL";"55-9500123";;"Y";"Y"
159;"Active";"US POSTAL SERVICE";"55-9500123";1991-08-28;"Y";"Y"
160;"Active";"US POSTAL SERVICE";"55-9500123";;"Y";"Y"
161;"Active";"HENKEL LOCTITE";"55-9500123";1980-08-23;"Y";"Y"
162;"Active";"SUN CONTRACTORS";"55-9500123";;"Y";"Y"
163;"Active";"EATON CORPORATION";"55-9500123";1984-03-18;"Y";"Y"
164;"Active";"C & C OCEAN LLC";"55-9500123";;"Y";"Y"
165;"Active";"C & C OCEAN LLC";"55-9500123";1959-11-22;"Y";"Y"
166;"Active";"WESTERN HAY CO INC";"55-9500123";1950-02-12;"Y";"Y"
167;"Active";"WESTERN HAY CO INC";"55-9500123";;"Y";"Y"
168;"Closed";"MAGIC TRANSPORT";"55-9500123";1900-01-01;"Y";"Y"
169;"Prospect";"EATON CORPORATION";"55-9500123";;"Y";"Y"
170;"Active";"MAGIC TRANSPORT";"55-9500123";;"Y";"Y"
171;"Active";"DIXIE MAT";"55-9500123";1991-09-29;"Y";"Y"
172;"Active";"AMERIKOOLER INC";"55-9500123";;"Y";"Y"
173;"Active";"HORIZON INTL SHIPPING INC";"55-9500123";1938-03-23;"Y";"Y"
174;"Prospect";"MBX OCEAN SERVICES";"55-9500123";2006-12-09;"Y";"Y"
175;"Active";"MBX OCEAN SERVICES";"55-9500123";1985-06-27;"Y";"Y"
176;"Active";"MBX OCEAN SERVICES";"55-9500123";1990-08-15;"Y";"Y"
177;"Active";"D MAC INDUSTRIES";"55-9500123";;"Y";"Y"
178;"Active";"US POSTAL SERVICE";"55-9500123";;"Y";"Y"
179;"Prospect";"US POSTAL SERVICE";"55-9500123";1986-09-09;"Y";"Y"
180;"Active";"US POSTAL SERVICE";"55-9500123";1983-04-01;"Y";"Y"
181;"Prospect";"US POSTAL SERVICE";"55-9500123";1936-07-20;"Y";"Y"
182;"Active";"US POSTAL SERVICE";"55-9500123";;"Y";"Y"
183;"Active";"US POSTAL SERVICE";"55-9500123";1940-09-14;"Y";"Y"
184;"Active";"US POSTAL SERVICE";"55-9500123";;"Y";"Y"
185;"Active";"US POSTAL SERVICE";"55-9500123";;"Y";"Y"
186;"Closed";"US POSTAL SERVICE";"55-9500123";1900-01-01;"Y";"Y"
187;"Active";"US POSTAL SERVICE";"55-9500123";;"Y";"Y"
188;"Active";"US POSTAL SERVICE";"55-9500123";1961-12-21;"Y";"Y"
189;"Active";"US POSTAL SERVICE";"55-9500123";2008-12-14;"Y";"Y"
190;"Closed";"US POSTAL SERVICE";"55-9500123";1900-01-01;"Y";"Y"
191;"Active";"ACE HARDWARE RETAIL SUPPORT CENTER";"55-9500123";2003-06-26;"Y";"Y"
192;"Closed";"ACE HARDWARE RETAIL SUPPORT CENTER";"55-9500123";1900-01-01;"Y";"Y"
193;"Prospect";"ACE HARDWARE RETAIL SUPPORT CENTER";"55-9500123";;"Y";"Y"
194;"Active";"FASTENAL COMPANY";"55-9500123";;"Y";"Y"
195;"Active";"FASTENAL COMPANY";"55-9500123";;"Y";"Y"
196;"Active";"YRC INC";"55-9500123";1911-09-10;"Y";"Y"
197;"Active";"YRC INC";"55-9500123";1920-06-02;"Y";"Y"
198;"Active";"ISLAND FREIGHT SERVICES INC";"55-9500123";1992-11-23;"Y";"Y"
199;"Active";"RED OAK LOGISTICS INC";"55-9500123";;"Y";"Y"
200;"Active";"RED OAK LOGISTICS INC";"55-9500123";1968-05-19;"Y";"Y"
201;"Prospect";"SOUTHEASTERN FREIGHT LINES";"55-9500123";;"Y";"Y"
202;"Active";"HENKEL LOCTITE";"55-9500123";;"Y";"Y"
203;"Active";"ORGILL INC";"55-9500123";;"Y";"Y"
204;"Closed";"ORGILL INC";"55-9500123";1900-01-01;"Y";"Y"
205;"Active";"ECONOCARIBE CONSOLIDATORS INC";"55-9500123";;"Y";"Y"
206;"Active";"ORGILL INC";"55-9500123";1901-07-16;"Y";"Y"
207;"Active";"ORGILL INC";"55-9500123";;"Y";"Y"
208;"Active";"E I DUPONT DE NEMOURS";"55-9500123";1948-02-29;"Y";"Y"
209;"Active";"BELLVILLE RODAIR INTERNATIONAL";"55-9500123";1981-09-03;"Y";"Y"
210;"Active";"MBX OCEAN SERVICES";"55-9500123";1936-10-21;"Y";"Y"
211;"Prospect";"PEP BOYS DISTRIBUTION CENTER";"55-9500123";;"Y";"Y"
212;"Prospect";"PEP BOYS DISTRIBUTION CENTER";"55-9500123";1973-08-11;"Y";"Y"
213;"Active";"PEP BOYS DISTRIBUTION CENTER";"55-9500123";2012-04-11;"Y";"Y"
214;"Prospect";"ATS INTERNATIONAL INC";"55-9500123";1954-07-14;"Y";"Y"
215;"Active";"CARIBBEAN REFRESCOS INC";"55-9500123";1977-01-16;"Y";"Y"
216;"Active";"NEW WAVE INC";"55-9500123";1911-09-17;"Y";"Y"
217;"Prospect";"ORGILL INC";"55-9500123";;"Y";"Y"
218;"Active";"ACE HARDWARE RETAIL SUPPORT CENTER";"55-9500123";;"Y";"Y"
219;"Active";"YRC INC";"55-9500123";1950-07-05;"Y";"Y"
220;"Active";"YRC INC";"55-9500123";1900-04-10;"Y";"Y"
221;"Active";"RED OAK LOGISTICS INC";"55-9500123";2009-04-29;"Y";"Y"
222;"Closed";"ORGILL INC";"55-9500123";1900-01-01;"Y";"Y"
223;"Active";"BELLVILLE RODAIR INTERNATIONAL";"55-9500123";;"Y";"Y"
224;"Prospect";"CARIBBEAN REFRESCOS INC";"55-9500123";;"Y";"Y"
225;"Active";"VOLKSWAGEN GROUP OF AMERICA INC";"55-9500123";;"Y";"Y"
226;"Active";"ACE HARDWARE RETAIL SUPPORT CENTER";"55-9500123";;"Y";"Y"
227;"Active";"ESTES EXPRESS LINE";"55-9500123";1934-09-03;"Y";"Y"
228;"Active";"JCC INTERNATIONAL";"55-9500123";1998-01-29;"Y";"Y"
229;"Closed";"BELLVILLE RODAIR INTERNATIONAL";"55-9500123";1900-01-01;"Y";"Y"
230;"Active";"VOLKSWAGEN GROUP OF AMERICA INC";"55-9500123";2000-12-28;"Y";"Y"
231;"Active";"F&M MAFCO";"55-9500123";1937-05-06;"Y";"Y"
232;"Active";"ACE HARDWARE RETAIL SUPPORT CENTER";"55-9500123";;"Y";"Y"
233;"Prospect";"ACE HARDWARE RETAIL SUPPORT CENTER";"55-9500123";1956-08-20;"Y";"Y"
234;"Active";"AVERITT EXPRESS";"55-9500123";;"Y";"Y"
235;"Active";"DHL GLOBAL FORWARDING";"55-9500123";1940-09-11;"Y";"Y"
236;"Active";"MBX OCEAN SERVICES";"55-9500123";;"Y";"Y"
237;"Prospect";"ESTES EXPRESS LINE";"55-9500123";;"Y";"Y"
238;"Active";"REFRICENTER OF MIAMI";"55-9500123";1921-10-01;"Y";"Y"
239;"Active";"E I DUPONT DE NEMOURS";"55-9500123";;"Y";"Y"
240;"Prospect";"E I DUPONT DE NEMOURS";"55-9500123";1978-06-27;"Y";"Y"
241;"Active";"E I DUPONT DE NEMOURS";"55-9500123";;"Y";"Y"
242;"Prospect";"RED OAK LOGISTICS INC";"55-9500123";1990-04-23;"Y";"Y"
243;"Prospect";"CHRYSLER GROUP LCC";"55-9500123";;"Y";"Y"
244;"Active";"YRC INC";"55-9500123";;"Y";"Y"
245;"Active";"BURLINGTON COAT FACTORY NO 771";"55-9500123";1942-08-03;"Y";"Y"
246;"Active";"PEP BOYS DISTRIBUTION CENTER";"55-9500123";;"Y";"Y"
247;"Prospect";"CHRYSLER GROUP LCC";"55-9500123";1998-04-06;"Y";"Y"
248;"Active";"SEALINES INTERNATIONAL";"55-9500123";1974-08-14;"Y";"Y"
249;"Active";"NOBLE AMERICAS CORP";"55-9500123";;"Y";"Y"
250;"Active";"JCC INTERNATIONAL";"55-9500123";;"Y";"Y"
251;"Prospect";"MAGIC TRANSPORT";"55-9500123";;"Y";"Y"
252;"Active";"BELLVILLE RODAIR INTERNATIONAL";"55-9500123";1954-02-26;"Y";"Y"
253;"Active";"MAGIC TRANSPORT";"55-9500123";;"Y";"Y"
254;"Active";"CH ROBINSON INTERNATIONAL";"55-9500123";;"Y";"Y"
255;"Active";"RED OAK LOGISTICS INC";"55-9500123";2001-09-12;"Y";"Y"
256;"Prospect";"RED OAK LOGISTICS INC";"55-9500123";;"Y";"Y"
257;"Active";"UPS FREIGHT";"55-9500123";;"Y";"Y"
258;"Prospect";"TRANSCARIBE FREIGHT CORP";"55-9500123";;"Y";"Y"
259;"Active";"KLOCKNER PENTAPLAST AMERICA";"55-9500123";1930-06-26;"Y";"Y"
260;"Active";"AVERITT EXPRESS";"55-9500123";1946-02-24;"Y";"Y"
261;"Active";"ESTES EXPRESS LINE";"55-9500123";;"Y";"Y"
262;"Active";"PRUDENTIAL CLEAN ROOM SERVICES";"55-9500123";;"Y";"Y"
263;"Active";"UPS FREIGHT";"55-9500123";2014-08-29;"Y";"Y"
264;"Active";"US MINERALS";"55-9500123";;"Y";"Y"
265;"Prospect";"THE COCA COLA CO";"55-9500123";1903-05-06;"Y";"Y"
266;"Active";"CARIBBEAN SHIPPING SERVICES";"55-9500123";1980-09-22;"Y";"Y"
267;"Prospect";"UPS FREIGHT";"55-9500123";;"Y";"Y"
268;"Active";"MBX OCEAN SERVICES";"55-9500123";;"Y";"Y"
269;"Active";"MAGIC TRANSPORT";"55-9500123";2013-06-20;"Y";"Y"
270;"Active";"FASTENAL COMPANY";"55-9500123";;"Y";"Y"
271;"Active";"FASTENAL COMPANY";"55-9500123";;"Y";"Y"
272;"Active";"EXPEDITORS INTL CHS";"55-9500123";;"Y";"Y"
273;"Active";"NATIONAL FRUIT FLAVOR COMPANY INC";"55-9500123";;"Y";"Y"
274;"Active";"NATIONAL FRUIT FLAVOR COMPANY INC";"55-9500123";2005-08-05;"Y";"Y"
275;"Active";"NATIONAL FRUIT FLAVOR COMPANY INC";"55-9500123";;"Y";"Y"
276;"Active";"THERMO KING";"55-9500123";2003-05-23;"Y";"Y"
277;"Active";"MACSTEEL SERVICE CENTER USA";"55-9500123";2001-12-25;"Y";"Y"
278;"Active";"THE COCA COLA CO";"55-9500123";;"Y";"Y"
279;"Active";"O'MALLEY GRAIN";"55-9500123";2013-11-14;"Y";"Y"
280;"Active";"TATE & LYLE";"55-9500123";;"Y";"Y"
281;"Active";"TATE & LYLE";"55-9500123";;"Y";"Y"
282;"Active";"TATE & LYLE";"55-9500123";1998-12-27;"Y";"Y"
283;"Prospect";"THERMO KING";"55-9500123";1940-12-10;"Y";"Y"
284;"Active";"THERMO KING";"55-9500123";;"Y";"Y"
285;"Active";"TATE & LYLE";"55-9500123";;"Y";"Y"
286;"Prospect";"MAGIC TRANSPORT";"55-9500123";;"Y";"Y"
287;"Active";"BECK ALUMINUM CORPORATION";"55-9500123";;"Y";"Y"
288;"Active";"AQUA GULF TRANSPORT INC";"55-9500123";;"Y";"Y"
289;"Active";"SCHWARZ PARTNERS PACKAGING";"55-9500123";;"Y";"Y"
290;"Closed";"ARROWPAC INC";"55-9500123";1900-01-01;"Y";"Y"
291;"Active";"BAXTER HEALTHCARE CORP";"55-9500123";1962-10-13;"Y";"Y"
292;"Active";"YRC INC";"55-9500123";1949-02-23;"Y";"Y"
293;"Active";"THE COCA COLA CO";"55-9500123";1983-03-24;"Y";"Y"
294;"Active";"E I DUPONT DE NEMOURS";"55-9500123";1935-05-23;"Y";"Y"
295;"Active";"FORMICA CORPORATION";"55-9500123";;"Y";"Y"
296;"Prospect";"ATS INTERNATIONAL INC";"55-9500123";2000-04-19;"Y";"Y"
297;"Active";"ATS INTERNATIONAL INC";"55-9500123";1945-12-08;"Y";"Y"
298;"Closed";"ATS INTERNATIONAL INC";"55-9500123";1900-01-01;"Y";"Y"
299;"Prospect";"ATS INTERNATIONAL INC";"55-9500123";;"Y";"Y"
300;"Active";"ATS INTERNATIONAL INC";"55-9500123";;"Y";"Y"
301;"Prospect";"ATS INTERNATIONAL INC";"55-9500123";1994-05-28;"Y";"Y"
302;"Prospect";"ATS INTERNATIONAL INC";"55-9500123";;"Y";"Y"
303;"Active";"SOUTHEASTERN FREIGHT LINES";"55-9500123";;"Y";"Y"
304;"Active";"THERMO KING CORP";"55-9500123";;"Y";"Y"
305;"Active";"AQUA GULF TRANSPORT INC";"55-9500123";1982-01-12;"Y";"Y"
306;"Closed";"AQUA GULF TRANSPORT INC";"55-9500123";1900-01-01;"Y";"Y"
307;"Active";"THERMO KING";"55-9500123";1914-05-18;"Y";"Y"
308;"Active";"CARIBBEAN REFRESCOS INC";"55-9500123";1994-07-26;"Y";"Y"
309;"Prospect";"ECONOCARIBE CONSOLIDATORS INC";"55-9500123";2006-04-22;"Y";"Y"
310;"Active";"MAGIC TRANSPORT";"55-9500123";;"Y";"Y"
311;"Active";"B WAY CORPORATION";"55-9500123";1933-09-15;"Y";"Y"
312;"Prospect";"KLOCKNER PENTAPLAST AMERICA";"55-9500123";1927-04-25;"Y";"Y"
313;"Active";"EQUIPSA NVOCC INC";"55-9500123";;"Y";"Y"
314;"Active";"LEGGETT & PLATT INC";"55-9500123";;"Y";"Y"
315;"Active";"ECONOCARIBE CONSOLIDATORS INC";"55-9500123";;"Y";"Y"
316;"Active";"YRC INC";"55-9500123";;"Y";"Y"
317;"Active";"LYNDEN INTERNATIONAL";"55-9500123";;"Y";"Y"
318;"Active";"LYNDEN INTERNATIONAL";"55-9500123";1987-08-17;"Y";"Y"
319;"Prospect";"LYNDEN INTERNATIONAL";"55-9500123";;"Y";"Y"
320;"Active";"SOUTHEASTERN FREIGHT LINES";"55-9500123";1929-05-18;"Y";"Y"
321;"Active";"THERMO KING CORP";"55-9500123";;"Y";"Y"
322;"Active";"LYNDEN INTERNATIONAL";"55-9500123";;"Y";"Y"
323;"Active";"GUTMAN BROTHERS LTD";"55-9500123";1918-06-15;"Y";"Y"
324;"Active";"E I DUPONT DE NEMOURS";"55-9500123";1972-09-13;"Y";"Y"
325;"Prospect";"THERMO KING";"55-9500123";1900-11-03;"Y";"Y"
326;"Active";"GUTMAN BROTHERS LTD";"55-9500123";;"Y";"Y"
327;"Active";"GUTMAN BROTHERS LTD";"55-9500123";;"Y";"Y"
328;"Closed";"THERMO KING";"55-9500123";1900-01-01;"Y";"Y"
329;"Active";"THERMO KING";"55-9500123";;"Y";"Y"
330;"Active";"THERMO KING";"55-9500123";2005-03-18;"Y";"Y"
331;"Active";"YRC INC";"55-9500123";;"Y";"Y"
332;"Active";"AVERITT EXPRESS";"55-9500123";;"Y";"Y"
333;"Active";"ESTES EXPRESS LINE";"55-9500123";;"Y";"Y"
334;"Closed";"ATS INTERNATIONAL INC";"55-9500123";1900-01-01;"Y";"Y"
335;"Active";"THERMO KING CORP";"55-9500123";;"Y";"Y"
336;"Active";"JCC INTERNATIONAL";"55-9500123";1952-06-25;"Y";"Y"
337;"Active";"E I DUPONT DE NEMOURS";"55-9500123";;"Y";"Y"
338;"Active";"THERMO KING";"55-9500123";1943-08-12;"Y";"Y"
339;"Active";"THERMO KING";"55-9500123";;"Y";"Y"
340;"Closed";"EQUIPSA NVOCC INC";"55-9500123";1900-01-01;"Y";"Y"
341;"Active";"CARIBBEAN REFRESCOS INC";"55-9500123";1903-06-06;"Y";"Y"
342;"Active";"TRANSCARIBE FREIGHT CORP";"55-9500123";;"Y";"Y"
343;"Prospect";"HARVEY HUBBELL CARIBE";"55-9500123";1916-08-24;"Y";"Y"
344;"Active";"AQUA GULF TRANSPORT INC";"55-9500123";;"Y";"Y"
345;"Closed";"YRC INC";"55-9500123";1900-01-01;"Y";"Y"
346;"Prospect";"SAIA MOTOR FREIGHT";"55-9500123";;"Y";"Y"
347;"Active";"ARROWPAC INC";"55-9500123";;"Y";"Y"
348;"Active";"THERMO KING";"55-9500123";1950-04-10;"Y";"Y"
349;"Closed";"AQUA GULF TRANSPORT INC";"55-9500123";1900-01-01;"Y";"Y"
350;"Active";"MILLIKEN & COMPANY";"55-9500123";1910-10-31;"Y";"Y"
351;"Active";"E I DUPONT DE NEMOURS";"55-9500123";1975-06-30;"Y";"Y"
352;"Active";"DO NOT USE JOHNSON CONTROLS BATTERY DIV";"55-9500123";1993-12-24;"Y";"Y"
353;"Active";"DO NOT USE JOHNSON CONTROLS BATTERY DIV";"55-9500123";;"Y";"Y"
354;"Active";"CAPRIS FURNITURE";"55-9500123";;"Y";"Y"
355;"Closed";"WARREN DEL CARIBE";"55-9500123";1900-01-01;"Y";"Y"
356;"Active";"THERMO KING CORP";"55-9500123";;"Y";"Y"
357;"Active";"MAGIC TRANSPORT";"55-9500123";;"Y";"Y"
358;"Active";"UPS FREIGHT";"55-9500123";1936-01-08;"Y";"Y"
359;"Active";"THERMO KING";"55-9500123";;"Y";"Y"
360;"Active";"GENERAL ELECTRIC";"55-9500123";1930-05-04;"Y";"Y"
361;"Prospect";"FASTENAL COMPANY";"55-9500123";;"Y";"Y"
362;"Prospect";"UPS FREIGHT";"55-9500123";1961-04-25;"Y";"Y"
363;"Closed";"UPS FREIGHT";"55-9500123";1900-01-01;"Y";"Y"
364;"Closed";"UPS FREIGHT";"55-9500123";1900-01-01;"Y";"Y"
365;"Prospect";"LEGGETT & PLATT INC";"55-9500123";;"Y";"Y"
366;"Active";"MBX OCEAN SERVICES";"55-9500123";1910-09-01;"Y";"Y"
367;"Active";"SOUTHEASTERN FREIGHT LINES";"55-9500123";;"Y";"Y"
368;"Active";"JCC INTERNATIONAL";"55-9500123";1970-10-10;"Y";"Y"
369;"Active";"AVERITT EXPRESS";"55-9500123";;"Y";"Y"
370;"Active";"HOME DEPOT";"55-9500123";;"Y";"Y"
371;"Active";"SOUTHEASTERN FREIGHT LINES";"55-9500123";2010-03-08;"Y";"Y"
372;"Active";"SOUTHEASTERN FREIGHT LINES";"55-9500123";1936-04-25;"Y";"Y"
373;"Active";"JCC INTERNATIONAL";"55-9500123";1995-08-29;"Y";"Y"
374;"Prospect";"SOUTHEASTERN FREIGHT LINES";"55-9500123";;"Y";"Y"
375;"Active";"AQUA GULF TRANSPORT INC";"55-9500123";1909-11-04;"Y";"Y"
376;"Closed";"LOUISVILLE BEDDING CO";"55-9500123";1900-01-01;"Y";"Y"
377;"Active";"UPS FREIGHT";"55-9500123";1956-10-26;"Y";"Y"
378;"Active";"ACE HARDWARE RETAIL SUPPORT CENTER";"55-9500123";;"Y";"Y"
379;"Prospect";"E I DUPONT DE NEMOURS";"55-9500123";1945-04-18;"Y";"Y"
380;"Active";"YRC INC";"55-9500123";;"Y";"Y"
381;"Active";"THERMO KING";"55-9500123";;"Y";"Y"
382;"Active";"E I DUPONT DE NEMOURS";"55-9500123";;"Y";"Y"
383;"Active";"SOUTHEASTERN FREIGHT LINES";"55-9500123";;"Y";"Y"
384;"Active";"GENERAL ELECTRIC";"55-9500123";;"Y";"Y"
385;"Closed";"INTERNATIONAL PAPER BOX PLANT";"55-9500123";1900-01-01;"Y";"Y"
386;"Active";"FOAMEX INTL INC";"55-9500123";1990-09-05;"Y";"Y"
387;"Active";"CARIBBEAN SHIPPING SERVICES";"55-9500123";;"Y";"Y"
388;"Active";"DEPARTMENT OF THE ARMY";"55-9500123";1983-03-19;"Y";"Y"
389;"Closed";"UPS FREIGHT";"55-9500123";1900-01-01;"Y";"Y"
390;"Prospect";"TRANSCARIBE FREIGHT CORP";"55-9500123";;"Y";"Y"
391;"Active";"ECONOCARIBE CONSOLIDATORS INC";"55-9500123";1952-03-25;"Y";"Y"
392;"Active";"MOUNT VERNON MILLS INC";"55-9500123";;"Y";"Y"
393;"Active";"ORGILL INC";"55-9500123";;"Y";"Y"
394;"Active";"GENERAL ELECTRIC";"55-9500123";1938-11-22;"Y";"Y"
395;"Active";"IFSVS INC";"55-9500123";1960-10-06;"Y";"Y"
396;"Active";"CARIBBEAN SHIPPING SERVICES";"55-9500123";;"Y";"Y"
397;"Active";"TRANSCARIBE FREIGHT CORP";"55-9500123";;"Y";"Y"
398;"Prospect";"ALLIANCE CONVERTING INC";"55-9500123";;"Y";"Y"
399;"Active";"BATESVILLE CASKET CO";"55-9500123";;"Y";"Y"
400;"Active";"OFFICE MAX";"55-9500123";1984-07-17;"Y";"Y"
401;"Active";"DO NOT USE  FOOT LOCKER CORPORATE SVCS INC";"55-9500123";1906-08-23;"Y";"Y"
402;"Active";"E I DUPONT DE NEMOURS";"55-9500123";1914-06-23;"Y";"Y"
403;"Active";"ESTES EXPRESS LINE";"55-9500123";1924-09-07;"Y";"Y"
404;"Prospect";"E I DUPONT DE NEMOURS";"55-9500123";;"Y";"Y"
405;"Active";"TRANSCARIBE FREIGHT CORP";"55-9500123";;"Y";"Y"
406;"Closed";"GE APPLIANCES";"55-9500123";1900-01-01;"Y";"Y"
407;"Prospect";"ACE HARDWARE RETAIL SUPPORT CENTER";"55-9500123";1990-09-20;"Y";"Y"
408;"Active";"ACE HARDWARE RETAIL SUPPORT CENTER";"55-9500123";;"Y";"Y"
409;"Active";"TRANSCARIBE FREIGHT CORP";"55-9500123";1953-12-02;"Y";"Y"
410;"Active";"YRC INC";"55-9500123";1918-04-03;"Y";"Y"
411;"Active";"NESTLE PURINA PETCARE CO";"55-9500123";;"Y";"Y"
412;"Prospect";"ESTES EXPRESS LINE";"55-9500123";;"Y";"Y"
413;"Active";"E I DUPONT DE NEMOURS";"55-9500123";1970-02-23;"Y";"Y"
414;"Active";"E I DUPONT DE NEMOURS";"55-9500123";;"Y";"Y"
415;"Active";"DEPARTMENT OF THE ARMY";"55-9500123";2011-11-05;"Y";"Y"
416;"Active";"DO NOT USE  FOOT LOCKER CORPORATE SVCS INC";"55-9500123";;"Y";"Y"
417;"Active";"DO NOT USE  FOOT LOCKER CORPORATE SVCS INC";"55-9500123";;"Y";"Y"
418;"Active";"REFRICENTER OF MIAMI";"55-9500123";1970-04-29;"Y";"Y"
419;"Prospect";"E I DUPONT DE NEMOURS";"55-9500123";1944-02-26;"Y";"Y"
420;"Active";"THERMO KING CORP";"55-9500123";1937-12-25;"Y";"Y"
421;"Active";"AVERITT EXPRESS";"55-9500123";;"Y";"Y"
422;"Active";"ESTES EXPRESS LINE";"55-9500123";1936-03-04;"Y";"Y"
423;"Prospect";"CORN PRODUCTS INTERNATIONAL";"55-9500123";;"Y";"Y"
424;"Closed";"SUPPLY TECHNOLOGIES";"55-9500123";1900-01-01;"Y";"Y"
425;"Active";"ESTES EXPRESS LINE";"55-9500123";;"Y";"Y"
426;"Prospect";"MAGIC TRANSPORT INC";"55-9500123";1903-03-03;"Y";"Y"
427;"Closed";"AJC LOGISTICS LLC";"55-9500123";1900-01-01;"Y";"Y"
428;"Active";"AMERICAN SUGAR REFINING CO";"55-9500123";1996-03-12;"Y";"Y"
429;"Active";"CARIBBEAN SHIPPING SERVICES";"55-9500123";;"Y";"Y"
430;"Prospect";"MORTON SALT INTERNATIONAL";"55-9500123";1979-10-27;"Y";"Y"
431;"Active";"ISLAND FREIGHT SERVICES INC";"55-9500123";1975-09-12;"Y";"Y"
432;"Prospect";"AVERITT EXPRESS";"55-9500123";;"Y";"Y"
433;"Active";"QUIRCH FOODS COMPANY";"55-9500123";1971-05-05;"Y";"Y"
434;"Prospect";"DMSI HOME GOODS";"55-9500123";2010-10-01;"Y";"Y"
435;"Prospect";"SMITHFIELD";"55-9500123";;"Y";"Y"
436;"Active";"E I DUPONT DE NEMOURS";"55-9500123";;"Y";"Y"
437;"Active";"DMSI HOME GOODS";"55-9500123";;"Y";"Y"
438;"Prospect";"ECONOCARIBE CONSOLIDATORS INC";"55-9500123";;"Y";"Y"
439;"Active";"HOME DEPOT";"55-9500123";1906-09-21;"Y";"Y"
440;"Prospect";"DEPARTMENT OF THE ARMY";"55-9500123";;"Y";"Y"
441;"Active";"TRINITY HIGHWAY PRODUCTS";"55-9500123";2008-12-25;"Y";"Y"
442;"Active";"CARIBBEAN SHIPPING SERVICES";"55-9500123";;"Y";"Y"
443;"Active";"BACARDI BOTTLING CORP";"55-9500123";;"Y";"Y"
444;"Prospect";"ARROWPAC INC";"55-9500123";1973-10-28;"Y";"Y"
445;"Closed";"AQUA GULF TRANSPORT INC";"55-9500123";1900-01-01;"Y";"Y"
446;"Prospect";"PILGRIMS PRIDE CORP";"55-9500123";;"Y";"Y"
447;"Active";"DMSI HOME GOODS";"55-9500123";;"Y";"Y"
448;"Prospect";"DMSI HOME GOODS";"55-9500123";2001-07-26;"Y";"Y"
449;"Active";"CARIBBEAN SHIPPING SERVICES";"55-9500123";1902-01-19;"Y";"Y"
450;"Prospect";"YRC INC";"55-9500123";;"Y";"Y"
451;"Prospect";"DEPARTMENT OF THE ARMY";"55-9500123";;"Y";"Y"
452;"Closed";"MARS CHOCOLATE NA LLC";"55-9500123";1900-01-01;"Y";"Y"
453;"Active";"PILGRIMS PRIDE CORP";"55-9500123";1946-11-05;"Y";"Y"
454;"Active";"MATOSANTOS COMMERCIAL CORP";"55-9500123";;"Y";"Y"
455;"Closed";"MARS PET CARE US";"55-9500123";1900-01-01;"Y";"Y"
456;"Active";"MARS PET CARE US";"55-9500123";2013-07-02;"Y";"Y"
457;"Active";"MARS CHOCOLATE NA LLC";"55-9500123";;"Y";"Y"
458;"Active";"MARSHALLS CORP";"55-9500123";;"Y";"Y"
459;"Active";"BELLVILLE RODAIR INTERNATIONAL";"55-9500123";;"Y";"Y"
460;"Active";"MARS PET CARE US";"55-9500123";;"Y";"Y"
461;"Prospect";"MARS PET CARE US";"55-9500123";1993-01-31;"Y";"Y"
462;"Closed";"RED OAK LOGISTICS INC";"55-9500123";1900-01-01;"Y";"Y"
463;"Active";"AJC LOGISTICS LLC";"55-9500123";;"Y";"Y"
464;"Active";"AJC LOGISTICS LLC";"55-9500123";2012-12-13;"Y";"Y"
465;"Prospect";"ITL";"55-9500123";1935-06-26;"Y";"Y"
466;"Active";"SMITHFIELD PLANT 270";"55-9500123";;"Y";"Y"
467;"Active";"CARIBBEAN SHIPPING SERVICES";"55-9500123";1923-09-30;"Y";"Y"
468;"Active";"DEPARTMENT OF THE ARMY";"55-9500123";1980-10-07;"Y";"Y"
469;"Prospect";"SEALINES INTERNATIONAL";"55-9500123";1986-11-22;"Y";"Y"
470;"Prospect";"SMITHFIELD PLANT 270";"55-9500123";1912-03-07;"Y";"Y"
471;"Active";"MARS PET CARE US";"55-9500123";;"Y";"Y"
472;"Active";"MARSHALLS CORP";"55-9500123";1933-02-11;"Y";"Y"
473;"Active";"MARS PET CARE US";"55-9500123";;"Y";"Y"
474;"Active";"WALMART DISTRIBUTION CENTER 6099";"55-9500123";;"Y";"Y"
475;"Closed";"MARSHALLS CORP";"55-9500123";1900-01-01;"Y";"Y"
476;"Prospect";"CARIBBEAN PRODUCE EXCHANGE INC";"55-9500123";1980-05-01;"Y";"Y"
477;"Closed";"MARSHALLS CORP";"55-9500123";1900-01-01;"Y";"Y"
478;"Active";"PILGRIM'S PRIDE CORPORATION";"55-9500123";;"Y";"Y"
479;"Active";"MARS PET CARE US";"55-9500123";;"Y";"Y"
480;"Active";"SMITHFIELD PLANT 270";"55-9500123";;"Y";"Y"
481;"Active";"RED OAK LOGISTICS INC";"55-9500123";;"Y";"Y"
482;"Active";"PACKERS PROVISION OF FLORIDA";"55-9500123";1952-11-06;"Y";"Y"
483;"Active";"BEC CORPORATION";"55-9500123";;"Y";"Y"
484;"Active";"AQUA GULF TRANSPORT INC";"55-9500123";;"Y";"Y"
485;"Active";"BEC CORPORATION";"55-9500123";;"Y";"Y"
486;"Active";"BEC CORPORATION";"55-9500123";;"Y";"Y"
487;"Active";"SMITHFIELD PLANT 270";"55-9500123";;"Y";"Y"
488;"Active";"CARIBBEAN SHIPPING SERVICES";"55-9500123";1925-04-14;"Y";"Y"
489;"Prospect";"SMITHFIELD PLANT 270";"55-9500123";1985-03-06;"Y";"Y"
490;"Prospect";"DEPARTMENT OF THE ARMY";"55-9500123";;"Y";"Y"
491;"Active";"DEPARTMENT OF THE ARMY";"55-9500123";1965-06-20;"Y";"Y"
492;"Closed";"RED OAK LOGISTICS INC";"55-9500123";1900-01-01;"Y";"Y"
493;"Active";"PACKERS PROVISION OF FLORIDA";"55-9500123";;"Y";"Y"
494;"Active";"WALMART DISTRIBUTION CENTER 6099";"55-9500123";1958-05-17;"Y";"Y"
495;"Active";"WALMART 6010";"55-9500123";1987-01-18;"Y";"Y"
496;"Closed";"PEPSICO";"55-9500123";1900-01-01;"Y";"Y"
497;"Active";"ASSOCIATED GROCERS OF FLORIDA";"55-9500123";;"Y";"Y"
498;"Active";"DEPARTMENT OF THE ARMY";"55-9500123";;"Y";"Y"
499;"Prospect";"RED OAK LOGISTICS INC";"55-9500123";;"Y";"Y"
500;"Closed";"BURLINGTON COAT FACTORY";"55-9500123";1900-01-01;"Y";"Y"
501;"Active";"MARS FOOD US LLC";"55-9500123";1917-11-18;"Y";"Y"
502;"Active";"NUNEZ FOODS INC";"55-9500123";1948-09-28;"Y";"Y"
503;"Active";"DO NOT USE JOHNSON CONTROLS BATTERY DIV";"55-9500123";1949-02-08;"Y";"Y"
504;"Active";"RED OAK LOGISTICS INC";"55-9500123";;"Y";"Y"
505;"Active";"WALMART DISTRIBUTION CENTER 6099";"55-9500123";;"Y";"Y"
506;"Active";"STEFANO FOODS INC";"55-9500123";;"Y";"Y"
507;"Active";"DEPARTMENT OF THE ARMY";"55-9500123";;"Y";"Y"
508;"Active";"DMSI HOME GOODS";"55-9500123";;"Y";"Y"
509;"Prospect";"DO NOT USE JOHNSON CONTROLS BATTERY DIV";"55-9500123";1980-07-17;"Y";"Y"
510;"Active";"DEPARTMENT OF THE ARMY";"55-9500123";1978-06-16;"Y";"Y"
511;"Active";"ATEC SYSTEMS LTD";"55-9500123";1961-05-26;"Y";"Y"
512;"Active";"SHIPPERS WAREHOUSE OF GEORGIA";"55-9500123";;"Y";"Y"
513;"Active";"SHIPPERS WAREHOUSE OF GEORGIA";"55-9500123";;"Y";"Y"
514;"Active";"CARIBBEAN SHIPPING SERVICES";"55-9500123";1959-08-07;"Y";"Y"
515;"Active";"LORILLARD TOBACCO CO";"55-9500123";;"Y";"Y"
516;"Active";"SMITHFIELD PLANT 270";"55-9500123";1987-04-04;"Y";"Y"
517;"Active";"OFFICE MAX";"55-9500123";;"Y";"Y"
518;"Active";"OKURA USA INC";"55-9500123";2013-11-01;"Y";"Y"
519;"Active";"ASSOCIATED GROCERS OF FLORIDA";"55-9500123";1940-05-09;"Y";"Y"
520;"Closed";"AQUA GULF TRANSPORT INC";"55-9500123";1900-01-01;"Y";"Y"
521;"Active";"TJ MAXX 894";"55-9500123";;"Y";"Y"
522;"Active";"CARIBBEAN SHIPPING SERVICES";"55-9500123";2011-04-24;"Y";"Y"
523;"Prospect";"MATOSANTOS COMMERCIAL CORP";"55-9500123";;"Y";"Y"
524;"Active";"PACKERS PROVISION OF FLORIDA";"55-9500123";1905-08-15;"Y";"Y"
525;"Active";"RED OAK LOGISTICS INC";"55-9500123";;"Y";"Y"
526;"Active";"WALMART DISTRIBUTION CENTER 6099";"55-9500123";;"Y";"Y"
527;"Prospect";"DEPARTMENT OF THE ARMY";"55-9500123";1970-12-01;"Y";"Y"
528;"Active";"GOODNIGHT INTERNATIONAL INC";"55-9500123";;"Y";"Y"
529;"Active";"GOODNIGHT INTERNATIONAL INC";"55-9500123";1976-05-02;"Y";"Y"
530;"Active";"ASSOCIATED GROCERS OF FLORIDA";"55-9500123";1966-09-30;"Y";"Y"
531;"Active";"WALMART DISTRIBUTION CENTER 6099";"55-9500123";1991-11-24;"Y";"Y"
532;"Active";"RED OAK LOGISTICS INC";"55-9500123";;"Y";"Y"
533;"Active";"GOODNIGHT INTERNATIONAL INC";"55-9500123";1971-10-12;"Y";"Y"
534;"Active";"GOODNIGHT INTERNATIONAL INC";"55-9500123";1905-07-05;"Y";"Y"
535;"Active";"GOODNIGHT INTERNATIONAL INC";"55-9500123";;"Y";"Y"
536;"Prospect";"AQUA GULF TRANSPORT INC";"55-9500123";1942-10-08;"Y";"Y"
537;"Closed";"AQUA GULF TRANSPORT INC";"55-9500123";1900-01-01;"Y";"Y"
538;"Active";"AQUA GULF TRANSPORT INC";"55-9500123";;"Y";"Y"
539;"Prospect";"AQUA GULF TRANSPORT INC";"55-9500123";;"Y";"Y"
540;"Prospect";"DEPARTMENT OF THE ARMY";"55-9500123";1928-02-29;"Y";"Y"
541;"Active";"H J HEINZ CO";"55-9500123";2014-02-09;"Y";"Y"
542;"Active";"NUNEZ FOODS INC";"55-9500123";1901-02-25;"Y";"Y"
543;"Active";"UPS FREIGHT (UPGF)";"55-9500123";;"Y";"Y"
544;"Active";"NUNEZ FOODS INC";"55-9500123";;"Y";"Y"
545;"Active";"DEPARTMENT OF THE ARMY";"55-9500123";1981-12-23;"Y";"Y"
546;"Active";"MARS FOOD US LLC";"55-9500123";;"Y";"Y"
547;"Active";"GOODNIGHT INTERNATIONAL INC";"55-9500123";2005-07-13;"Y";"Y"
548;"Prospect";"RED OAK LOGISTICS INC";"55-9500123";;"Y";"Y"
549;"Active";"TRANSNOW INC";"55-9500123";;"Y";"Y"
550;"Active";"HOUSE OF RAEFORD FARMS INC";"55-9500123";;"Y";"Y"
551;"Active";"ATEC SYSTEMS LTD";"55-9500123";1992-09-27;"Y";"Y"
552;"Prospect";"WALMART 6010";"55-9500123";1955-05-05;"Y";"Y"
553;"Active";"HOUSE OF RAEFORD FARMS INC";"55-9500123";1964-09-01;"Y";"Y"
554;"Active";"DEPARTMENT OF THE ARMY";"55-9500123";;"Y";"Y"
555;"Prospect";"DEPARTMENT OF THE ARMY";"55-9500123";;"Y";"Y"
556;"Active";"WALMART 6010";"55-9500123";;"Y";"Y"
557;"Prospect";"CARIBBEAN SHIPPING SERVICES";"55-9500123";;"Y";"Y"
558;"Active";"DEPARTMENT OF THE ARMY";"55-9500123";;"Y";"Y"
559;"Closed";"TRANSNOW INC";"55-9500123";1900-01-01;"Y";"Y"
560;"Active";"MATOSANTOS COMMERCIAL CORP";"55-9500123";1976-07-24;"Y";"Y"
561;"Prospect";"ASSOCIATED GROCERS OF FLORIDA";"55-9500123";2015-11-11;"Y";"Y"
562;"Active";"UNITED OIL COMPANY";"55-9500123";;"Y";"Y"
563;"Active";"WALMART 6010";"55-9500123";;"Y";"Y"
564;"Active";"NESTLE PURINA PETCARE CO";"55-9500123";;"Y";"Y"
565;"Active";"CARIBBEAN SHIPPING SERVICES";"55-9500123";1930-10-04;"Y";"Y"
566;"Active";"OFFICE MAX";"55-9500123";;"Y";"Y"
567;"Active";"NUNEZ FOODS INC";"55-9500123";1990-02-21;"Y";"Y"
568;"Active";"UNITED OIL COMPANY";"55-9500123";1984-12-16;"Y";"Y"
569;"Active";"UNITED OIL COMPANY";"55-9500123";1968-03-08;"Y";"Y"
570;"Active";"RED OAK LOGISTICS INC";"55-9500123";1925-08-04;"Y";"Y"
571;"Closed";"WALMART 6010";"55-9500123";1900-01-01;"Y";"Y"
572;"Active";"ACE HARDWARE RETAIL SUPPORT CENTER";"55-9500123";1963-06-16;"Y";"Y"
573;"Closed";"WALMART 6010";"55-9500123";1900-01-01;"Y";"Y"
574;"Active";"REINHART FOOD SERVICE";"55-9500123";;"Y";"Y"
575;"Active";"WALMART 6010";"55-9500123";;"Y";"Y"
576;"Active";"WALMART 6010";"55-9500123";;"Y";"Y"
577;"Active";"WALMART 6010";"55-9500123";;"Y";"Y"
578;"Active";"CARIBBEAN SHIPPING SERVICES";"55-9500123";;"Y";"Y"
579;"Closed";"NESTLE USA";"55-9500123";1900-01-01;"Y";"Y"
580;"Active";"WALMART 6010";"55-9500123";1906-11-30;"Y";"Y"
581;"Active";"WALMART 6010";"55-9500123";;"Y";"Y"
582;"Prospect";"DEPARTMENT OF THE ARMY";"55-9500123";1948-06-19;"Y";"Y"
583;"Active";"WALMART 6010";"55-9500123";;"Y";"Y"
584;"Prospect";"DADE PAPER";"55-9500123";;"Y";"Y"
585;"Closed";"WALMART 6010";"55-9500123";1900-01-01;"Y";"Y"
586;"Prospect";"DEPARTMENT OF THE ARMY";"55-9500123";;"Y";"Y"
587;"Active";"WALMART 6010";"55-9500123";2009-11-06;"Y";"Y"
588;"Active";"WALMART 6010";"55-9500123";;"Y";"Y"
589;"Active";"CARIBBEAN SHIPPING SERVICES";"55-9500123";;"Y";"Y"
590;"Active";"OSCAR LOGISTICS LLC";"55-9500123";;"Y";"Y"
591;"Prospect";"ISLAND FREIGHT SERVICES INC";"55-9500123";1944-11-28;"Y";"Y"
592;"Closed";"OSCAR LOGISTICS LLC";"55-9500123";1900-01-01;"Y";"Y"
593;"Active";"WALMART 6010";"55-9500123";1995-02-14;"Y";"Y"
594;"Closed";"PACKERS PROVISION OF FLORIDA";"55-9500123";1900-01-01;"Y";"Y"
595;"Active";"WALMART 6010";"55-9500123";1979-03-16;"Y";"Y"
596;"Active";"WALMART 6010";"55-9500123";;"Y";"Y"
597;"Active";"DEPARTMENT OF THE ARMY";"55-9500123";1938-07-03;"Y";"Y"
598;"Active";"GOODNIGHT INTERNATIONAL INC";"55-9500123";;"Y";"Y"
599;"Prospect";"CARIBBEAN SHIPPING SERVICES";"55-9500123";1970-04-03;"Y";"Y"
600;"Active";"CARIBBEAN SHIPPING SERVICES";"55-9500123";;"Y";"Y"
601;"Active";"CARIBBEAN SHIPPING SERVICES";"55-9500123";;"Y";"Y"
602;"Active";"WALMART 6010";"55-9500123";;"Y";"Y"
603;"Active";"RED OAK LOGISTICS INC";"55-9500123";1965-07-16;"Y";"Y"
604;"Active";"QUIRCH FOODS COMPANY";"55-9500123";1984-12-26;"Y";"Y"
605;"Active";"WALMART 6010";"55-9500123";2000-09-20;"Y";"Y"
606;"Prospect";"REINHART FOOD SERVICE";"55-9500123";1910-06-07;"Y";"Y"
607;"Active";"MARS CHOCOLATE NA LLC";"55-9500123";;"Y";"Y"
608;"Active";"TRANSNOW INC";"55-9500123";;"Y";"Y"
609;"Active";"CARIBBEAN SHIPPING SERVICES";"55-9500123";;"Y";"Y"
610;"Active";"V SUAREZ & CO INC";"55-9500123";1942-09-18;"Y";"Y"
611;"Active";"TRANSNOW INC";"55-9500123";;"Y";"Y"
612;"Active";"TRANSNOW INC";"55-9500123";1933-03-25;"Y";"Y"
613;"Active";"WALMART 6010";"55-9500123";;"Y";"Y"
614;"Active";"DEPARTMENT OF THE ARMY";"55-9500123";1903-11-23;"Y";"Y"
615;"Active";"REINHART FOOD SERVICE";"55-9500123";;"Y";"Y"
616;"Active";"CARIBBEAN SHIPPING SERVICES";"55-9500123";;"Y";"Y"
617;"Active";"TRANSNOW INC";"55-9500123";2011-09-05;"Y";"Y"
618;"Active";"CARIBBEAN SHIPPING SERVICES";"55-9500123";;"Y";"Y"
619;"Active";"TRANSNOW INC";"55-9500123";;"Y";"Y"
620;"Active";"GOODNIGHT INTERNATIONAL INC";"55-9500123";1904-06-07;"Y";"Y"
621;"Closed";"UNILEVER HPC USA";"55-9500123";1900-01-01;"Y";"Y"
622;"Active";"DEPARTMENT OF THE ARMY";"55-9500123";1957-01-06;"Y";"Y"
623;"Active";"GOODNIGHT INTERNATIONAL INC";"55-9500123";;"Y";"Y"
624;"Active";"ATEC SYSTEMS LTD";"55-9500123";;"Y";"Y"
625;"Prospect";"GOODNIGHT INTERNATIONAL INC";"55-9500123";1946-10-16;"Y";"Y"
626;"Active";"GUY METALS INC";"55-9500123";;"Y";"Y"
627;"Active";"PACKERS PROVISION OF FLORIDA";"55-9500123";1908-10-06;"Y";"Y"
628;"Active";"CARIBBEAN PRODUCE EXCHANGE INC";"55-9500123";1957-03-19;"Y";"Y"
629;"Closed";"DEPARTMENT OF THE ARMY";"55-9500123";1900-01-01;"Y";"Y"
630;"Active";"AQUA GULF TRANSPORT INC";"55-9500123";1908-12-15;"Y";"Y"
631;"Active";"CARIBBEAN SHIPPING SERVICES";"55-9500123";1913-09-11;"Y";"Y"
632;"Prospect";"PACKERS PROVISION OF FLORIDA";"55-9500123";1984-10-07;"Y";"Y"
633;"Active";"PACKERS PROVISION OF FLORIDA";"55-9500123";;"Y";"Y"
634;"Closed";"DEPARTMENT OF THE ARMY";"55-9500123";1900-01-01;"Y";"Y"
635;"Active";"GOODNIGHT INTERNATIONAL INC";"55-9500123";;"Y";"Y"
636;"Active";"V SUAREZ & CO INC";"55-9500123";;"Y";"Y"
637;"Closed";"CARIBBEAN SHIPPING SERVICES";"55-9500123";1900-01-01;"Y";"Y"
638;"Active";"PEPSICO BEVERAGES FOOD & SERVICE INDUSTRIES INC";"55-9500123";1910-06-04;"Y";"Y"
639;"Active";"PEPSICO BEVERAGES FOOD & SERVICE INDUSTRIES INC";"55-9500123";;"Y";"Y"
640;"Active";"MILLER BREWING CO";"55-9500123";;"Y";"Y"
641;"Active";"MILLER BREWING CO";"55-9500123";2011-08-29;"Y";"Y"
642;"Active";"MILLER BREWING CO";"55-9500123";;"Y";"Y"
643;"Active";"MILLER BREWING CO";"55-9500123";1987-05-13;"Y";"Y"
644;"Active";"MILLER BREWING CO";"55-9500123";2006-06-14;"Y";"Y"
645;"Active";"MILLER BREWING CO";"55-9500123";;"Y";"Y"
646;"Prospect";"MILLER BREWING CO";"55-9500123";1990-04-22;"Y";"Y"
647;"Prospect";"AQUA GULF TRANSPORT INC";"55-9500123";;"Y";"Y"
648;"Active";"BURLINGTON COAT FACTORY";"55-9500123";1982-07-01;"Y";"Y"
649;"Active";"MILLER BREWING CO";"55-9500123";;"Y";"Y"
650;"Active";"GOODNIGHT INTERNATIONAL INC";"55-9500123";;"Y";"Y"
651;"Active";"UNILEVER HPC USA";"55-9500123";1904-04-07;"Y";"Y"
652;"Active";"PEP BOYS DISTRIBUTION CENTER";"55-9500123";;"Y";"Y"
653;"Prospect";"PEP BOYS DISTRIBUTION CENTER";"55-9500123";1943-04-08;"Y";"Y"
654;"Active";"CVS PHARMACY ORLANDO DC";"55-9500123";1978-01-15;"Y";"Y"
655;"Active";"SHIPPERS WAREHOUSE OF GEORGIA";"55-9500123";1904-12-03;"Y";"Y"
656;"Active";"PEP BOYS DISTRIBUTION CENTER";"55-9500123";;"Y";"Y"
657;"Active";"CVS PHARMACY ORLANDO DC";"55-9500123";;"Y";"Y"
658;"Active";"PEP BOYS DISTRIBUTION CENTER";"55-9500123";;"Y";"Y"
659;"Active";"CVS PHARMACY ORLANDO DC";"55-9500123";2013-06-23;"Y";"Y"
660;"Closed";"PEP BOYS DISTRIBUTION CENTER";"55-9500123";1900-01-01;"Y";"Y"
661;"Active";"PEP BOYS DISTRIBUTION CENTER";"55-9500123";;"Y";"Y"
662;"Closed";"CVS PHARMACY ORLANDO DC";"55-9500123";1900-01-01;"Y";"Y"
663;"Prospect";"CVS PHARMACY ORLANDO DC";"55-9500123";1920-03-28;"Y";"Y"
664;"Active";"CVS PHARMACY ORLANDO DC";"55-9500123";1908-03-25;"Y";"Y"
665;"Prospect";"CVS PHARMACY ORLANDO DC";"55-9500123";1977-05-14;"Y";"Y"
666;"Active";"BAXTER HEALTHCARE CORP";"55-9500123";;"Y";"Y"
667;"Active";"GENERAL MOTORS CORPORATION";"55-9500123";;"Y";"Y"
668;"Active";"BMW OF NORTH AMERICA LLC";"55-9500123";;"Y";"Y"
669;"Closed";"YRC INC";"55-9500123";1900-01-01;"Y";"Y"
670;"Active";;"55-9500123";1900-07-04;"Y";"Y"
671;"Active";;"55-9500123";;"Y";"Y"
672;"Prospect";"WALMART 6010";"55-9500123";;"Y";"Y"
673;"Active";"---";"55-9500123";1926-02-24;"Y";"Y"
674;"Active";"YRC INC";"55-9500123";1950-05-14;"Y";"Y"
675;"Active";"YRC INC";"55-9500123";2014-10-29;"Y";"Y"
676;"Closed";"YRC INC";"55-9500123";1900-01-01;"Y";"Y"
677;"Prospect";"---";"55-9500123";;"Y";"Y"
678;"Prospect";"---";"55-9500123";1924-07-21;"Y";"Y"
679;"Active";"===";"55-9500123";;"Y";"Y"
680;"Closed";"=";"55-9500123";1900-01-01;"Y";"Y"
681;"Active";"MBX OCEAN SERVICES";"55-9500123";;"Y";"Y"
682;"Active";"MBX OCEAN SERVICES";"55-9500123";;"Y";"Y"
683;"Active";"MBX OCEAN SERVICES";"55-9500123";1998-11-08;"Y";"Y"
684;"Active";"MBX OCEAN SERVICES";"55-9500123";2008-06-22;"Y";"Y"
685;"Active";"MBX OCEAN SERVICES";"55-9500123";;"Y";"Y"
686;"Active";"MBX OCEAN SERVICES";"55-9500123";;"Y";"Y"
687;"Active";"MBX OCEAN SERVICES";"55-9500123";1970-03-16;"Y";"Y"
688;"Active";"MBX OCEAN SERVICES";"55-9500123";;"Y";"Y"
689;"Active";"MBX OCEAN SERVICES";"55-9500123";1963-01-16;"Y";"Y"
690;"Prospect";"MBX OCEAN SERVICES";"55-9500123";;"Y";"Y"
691;"Active";"MBX OCEAN SERVICES";"55-9500123";1941-11-12;"Y";"Y"
692;"Active";"ARROWPAC INC";"55-9500123";1992-02-18;"Y";"Y"
693;"Active";"SAN JUAN POOLS  AECC";"55-9500123";;"Y";"Y"
694;"Active";"DEPARTMENT OF THE ARMY";"55-9500123";;"Y";"Y"
695;"Prospect";"DEPARTMENT OF THE ARMY";"55-9500123";;"Y";"Y"
696;"Active";"DEPARTMENT OF THE ARMY";"55-9500123";1928-11-25;"Y";"Y"
697;"Active";"DEPARTMENT OF THE ARMY";"55-9500123";1996-03-30;"Y";"Y"
698;"Active";"DEPARTMENT OF THE ARMY";"55-9500123";1925-01-17;"Y";"Y"
699;"Closed";"=";"55-9500123";1900-01-01;"Y";"Y"
700;"Prospect";"ORGILL INC";"55-9500123";1992-03-17;"Y";"Y"
701;"Active";"HENKEL LOCTITE";"55-9500123";;"Y";"Y"
702;"Active";"CHEMEX CORPORATION";"55-9500123";;"Y";"Y"
703;"Active";"UPS FREIGHT";"55-9500123";;"Y";"Y"
704;"Closed";"GERDAU AMERISTEEL";"55-9500123";1900-01-01;"Y";"Y"
705;"Prospect";"HORIZON INTL SHIPPING INC";"55-9500123";;"Y";"Y"
706;"Prospect";"PEP BOYS DISTRIBUTION CENTER";"55-9500123";;"Y";"Y"
707;"Active";"PEP BOYS DISTRIBUTION CENTER";"55-9500123";2014-05-10;"Y";"Y"
708;"Active";"PEP BOYS DISTRIBUTION CENTER";"55-9500123";1987-02-20;"Y";"Y"
709;"Active";"PEP BOYS DISTRIBUTION CENTER";"55-9500123";;"Y";"Y"
710;"Prospect";"PEP BOYS DISTRIBUTION CENTER";"55-9500123";2015-02-17;"Y";"Y"
711;"Active";"WORLDBRIDGE LOGISTICS";"55-9500123";1926-12-20;"Y";"Y"
712;"Active";"PET DAIRY";"55-9500123";1963-06-12;"Y";"Y"
713;"Active";"MERCADO AUTO SALES";"55-9500123";;"Y";"Y"
714;"Prospect";"SDDC";"55-9500123";1959-07-27;"Y";"Y"
715;"Active";"SDDC";"55-9500123";;"Y";"Y"
716;"Active";"SDDC";"55-9500123";;"Y";"Y"
717;"Active";"SDDC";"55-9500123";;"Y";"Y"
718;"Active";"SDDC";"55-9500123";1939-04-16;"Y";"Y"
719;"Active";"NEW WAVE INC";"55-9500123";;"Y";"Y"
720;"Closed";"MERCADO AUTO SALES";"55-9500123";1900-01-01;"Y";"Y"
721;"Prospect";"MERCADO AUTO SALES";"55-9500123";;"Y";"Y"
722;"Active";"MERCADO AUTO SALES";"55-9500123";1997-08-26;"Y";"Y"
723;"Active";"REINDEER AUTO RELOCATION";"55-9500123";;"Y";"Y"
724;"Closed";"MERCADO AUTO SALES";"55-9500123";1900-01-01;"Y";"Y"
725;"Closed";"MERCADO AUTO SALES";"55-9500123";1900-01-01;"Y";"Y"
726;"Active";"MERCADO AUTO SALES";"55-9500123";;"Y";"Y"
727;"Active";"MERCADO AUTO SALES";"55-9500123";1922-09-25;"Y";"Y"
728;"Active";"MERCADO AUTO SALES";"55-9500123";1934-08-20;"Y";"Y"
729;"Prospect";"NEW WAVE INC";"55-9500123";1912-11-14;"Y";"Y"
730;"Closed";"NEW WAVE INC";"55-9500123";1900-01-01;"Y";"Y"
731;"Active";"LADY DEALER AUTO BROKERAGE & SHIPPING";"55-9500123";;"Y";"Y"
732;"Active";"NEW WAVE INC";"55-9500123";;"Y";"Y"
733;"Active";"NEW WAVE INC";"55-9500123";;"Y";"Y"
734;"Active";"NEW WAVE INC";"55-9500123";;"Y";"Y"
735;"Active";"NEW WAVE INC";"55-9500123";1995-05-07;"Y";"Y"
736;"Prospect";"NEW WAVE INC";"55-9500123";1928-03-30;"Y";"Y"
737;"Active";"NEW WAVE INC";"55-9500123";;"Y";"Y"
738;"Active";"NEW WAVE INC";"55-9500123";;"Y";"Y"
739;"Closed";"NEW WAVE INC";"55-9500123";1900-01-01;"Y";"Y"
740;"Closed";"NEW WAVE INC";"55-9500123";1900-01-01;"Y";"Y"
741;"Active";"NEW WAVE INC";"55-9500123";;"Y";"Y"
742;"Active";"MERCADO AUTO SALES";"55-9500123";;"Y";"Y"
743;"Active";"MERCADO AUTO SALES";"55-9500123";;"Y";"Y"
744;"Active";"MERCADO AUTO SALES";"55-9500123";;"Y";"Y"
745;"Active";"MERCADO AUTO SALES";"55-9500123";;"Y";"Y"
746;"Active";"MERCADO AUTO SALES";"55-9500123";1967-09-21;"Y";"Y"
747;"Prospect";"MERCADO AUTO SALES";"55-9500123";;"Y";"Y"
748;"Closed";"SDDC";"55-9500123";1900-01-01;"Y";"Y"
749;"Active";"SDDC";"55-9500123";1976-08-16;"Y";"Y"
750;"Active";"ORASO MARTINEZ";"55-9500123";1946-09-24;"Y";"Y"
751;"Prospect";"VOLKSWAGEN GROUP OF AMERICA INC";"55-9500123";;"Y";"Y"
752;"Prospect";"GENERAL MOTORS CORPORATION";"55-9500123";;"Y";"Y"
753;"Active";"SDDC";"55-9500123";1972-09-18;"Y";"Y"
754;"Active";"GENERAL MOTORS CORPORATION";"55-9500123";1946-11-05;"Y";"Y"
755;"Active";"GENERAL MOTORS CORPORATION";"55-9500123";;"Y";"Y"
756;"Prospect";"GENERAL MOTORS CORPORATION";"55-9500123";1982-01-07;"Y";"Y"
757;"Active";"GENERAL MOTORS CORPORATION";"55-9500123";;"Y";"Y"
758;"Prospect";"SDDC";"55-9500123";1947-06-11;"Y";"Y"
759;"Closed";"GENERAL MOTORS CORPORATION";"55-9500123";1900-01-01;"Y";"Y"
760;"Active";"GENERAL MOTORS CORPORATION";"55-9500123";;"Y";"Y"
761;"Active";"LADY DEALER AUTO BROKERAGE & SHIPPING";"55-9500123";;"Y";"Y"
762;"Active";"GENERAL MOTORS CORPORATION";"55-9500123";;"Y";"Y"
763;"Active";"GENERAL MOTORS CORPORATION";"55-9500123";;"Y";"Y"
764;"Active";"GENERAL MOTORS CORPORATION";"55-9500123";;"Y";"Y"
765;"Active";"GENERAL MOTORS CORPORATION";"55-9500123";1936-01-17;"Y";"Y"
766;"Prospect";"GENERAL MOTORS CORPORATION";"55-9500123";1966-08-22;"Y";"Y"
767;"Active";"GENERAL MOTORS CORPORATION";"55-9500123";;"Y";"Y"
768;"Active";"GENERAL MOTORS CORPORATION";"55-9500123";1989-11-23;"Y";"Y"
769;"Closed";"GENERAL MOTORS CORPORATION";"55-9500123";1900-01-01;"Y";"Y"
770;"Prospect";"PEDRO ROMAN";"55-9500123";;"Y";"Y"
771;"Active";"TAYLOR JACKSON";"55-9500123";1926-07-23;"Y";"Y"
772;"Active";"GENERAL MOTORS CORPORATION";"55-9500123";;"Y";"Y"
773;"Active";"MERCADO AUTO SALES";"55-9500123";1965-07-07;"Y";"Y"
774;"Active";"NEW WAVE INC";"55-9500123";;"Y";"Y"
775;"Active";"AUTO CONNECTIONS SEATTLE";"55-9500123";;"Y";"Y"
776;"Active";"AMERIFLEET TRANSPORTATION";"55-9500123";;"Y";"Y"
777;"Active";"AMERIFLEET TRANSPORTATION";"55-9500123";1900-06-17;"Y";"Y"
778;"Active";"NEW WAVE INC";"55-9500123";1923-09-17;"Y";"Y"
779;"Closed";"TRANSPORTE SONNELL INC";"55-9500123";1900-01-01;"Y";"Y"
780;"Active";"TRANSPORTE SONNELL INC";"55-9500123";1975-12-07;"Y";"Y"
781;"Active";"TRANSPORTE SONNELL INC";"55-9500123";2005-10-05;"Y";"Y"
782;"Active";"NEW WAVE INC";"55-9500123";1932-06-27;"Y";"Y"
783;"Active";"MERCADO AUTO SALES";"55-9500123";;"Y";"Y"
784;"Active";"NEW WAVE INC";"55-9500123";2010-04-08;"Y";"Y"
785;"Closed";"NEW WAVE INC";"55-9500123";1900-01-01;"Y";"Y"
786;"Prospect";"NEW WAVE INC";"55-9500123";;"Y";"Y"
787;"Active";"C & C BULK LIQUID TRANSFER INC";"55-9500123";;"Y";"Y"
788;"Closed";"C & C BULK LIQUID TRANSFER INC";"55-9500123";1900-01-01;"Y";"Y"
789;"Closed";"SEA BULK LTD";"55-9500123";1900-01-01;"Y";"Y"
790;"Active";"C & C BULK LIQUID TRANSFER INC";"55-9500123";1901-07-16;"Y";"Y"
791;"Active";"C & C BULK LIQUID TRANSFER INC";"55-9500123";1972-06-28;"Y";"Y"
792;"Active";"C & C BULK LIQUID TRANSFER INC";"55-9500123";1975-05-27;"Y";"Y"
793;"Active";"SEA BULK LTD";"55-9500123";;"Y";"Y"
794;"Active";"UNIVAR USA INC";"55-9500123";1915-11-20;"Y";"Y"
795;"Active";"C & C BULK LIQUID TRANSFER INC";"55-9500123";;"Y";"Y"
796;"Active";"C & C BULK LIQUID TRANSFER INC";"55-9500123";1916-03-08;"Y";"Y"
797;"Active";"C & C BULK LIQUID TRANSFER INC";"55-9500123";;"Y";"Y"
798;"Active";"C & C BULK LIQUID TRANSFER INC";"55-9500123";;"Y";"Y"
799;"Closed";"AMALIE OIL COMPANY";"55-9500123";1900-01-01;"Y";"Y"
800;"Active";"UNIVAR USA INC";"55-9500123";;"Y";"Y"
801;"Active";"UNIVAR USA INC";"55-9500123";;"Y";"Y"
802;"Active";"FOOD PARTNERS INC";"55-9500123";2013-01-21;"Y";"Y"
803;"Active";"FOOD PARTNERS INC";"55-9500123";;"Y";"Y"
804;"Active";"ATHENA TECHNOLOGIES";"55-9500123";;"Y";"Y"
805;"Active";"ORASO MARTINEZ";"55-9500123";1996-04-14;"Y";"Y"
806;"Active";"BRANTEC PACKAGING MACHINERY CORP";"55-9500123";2013-04-05;"Y";"Y"
807;"Active";"HORIZON INTL SHIPPING INC";"55-9500123";2006-02-28;"Y";"Y"
808;"Active";"SUN CHEMICAL CORP US";"55-9500123";1942-03-18;"Y";"Y"
809;"Active";"WESTERN HAY CO INC";"55-9500123";;"Y";"Y"
810;"Active";"WESTERN HAY CO INC";"55-9500123";;"Y";"Y"
811;"Active";"MAGIC TRANSPORT";"55-9500123";;"Y";"Y"
812;"Active";"HMT INC";"55-9500123";2001-05-07;"Y";"Y"
813;"Prospect";"MAGIC TRANSPORT INC";"55-9500123";1984-06-27;"Y";"Y"
814;"Active";"HENKEL LOCTITE";"55-9500123";1980-07-05;"Y";"Y"
815;"Active";"YRC INC";"55-9500123";;"Y";"Y"
816;"Active";"EATON CORPORATION";"55-9500123";;"Y";"Y"
817;"Active";"GERDAU AMERISTEEL";"55-9500123";1925-09-15;"Y";"Y"
818;"Prospect";"GERDAU AMERISTEEL";"55-9500123";;"Y";"Y"
819;"Active";"GERDAU AMERISTEEL";"55-9500123";;"Y";"Y"
820;"Active";"C & C OCEAN LLC";"55-9500123";1921-11-03;"Y";"Y"
821;"Prospect";"C & C OCEAN LLC";"55-9500123";;"Y";"Y"
822;"Closed";"YRC INC";"55-9500123";1900-01-01;"Y";"Y"
823;"Closed";"MBX OCEAN SERVICES";"55-9500123";1900-01-01;"Y";"Y"
824;"Active";"MBX OCEAN SERVICES";"55-9500123";1952-11-20;"Y";"Y"
825;"Active";"MBX OCEAN SERVICES";"55-9500123";;"Y";"Y"
826;"Active";"US POSTAL SERVICE";"55-9500123";1950-02-21;"Y";"Y"
827;"Active";"US POSTAL SERVICE";"55-9500123";;"Y";"Y"
828;"Active";"US POSTAL SERVICE";"55-9500123";;"Y";"Y"
829;"Active";"US POSTAL SERVICE";"55-9500123";;"Y";"Y"
830;"Active";"US POSTAL SERVICE";"55-9500123";;"Y";"Y"
831;"Active";"US POSTAL SERVICE";"55-9500123";2013-03-21;"Y";"Y"
832;"Active";"US POSTAL SERVICE";"55-9500123";;"Y";"Y"
833;"Active";"US POSTAL SERVICE";"55-9500123";;"Y";"Y"
834;"Active";"US POSTAL SERVICE";"55-9500123";;"Y";"Y"
835;"Prospect";"US POSTAL SERVICE";"55-9500123";1976-06-12;"Y";"Y"
836;"Prospect";"US POSTAL SERVICE";"55-9500123";;"Y";"Y"
837;"Active";"US POSTAL SERVICE";"55-9500123";1959-02-19;"Y";"Y"
838;"Active";"US POSTAL SERVICE";"55-9500123";;"Y";"Y"
839;"Closed";"FASTENAL COMPANY";"55-9500123";1900-01-01;"Y";"Y"
840;"Active";"FASTENAL COMPANY";"55-9500123";1929-07-30;"Y";"Y"
841;"Active";"YRC INC";"55-9500123";;"Y";"Y"
842;"Closed";"SOUTHEASTERN FREIGHT LINES";"55-9500123";1900-01-01;"Y";"Y"
843;"Active";"JCC INTERNATIONAL";"55-9500123";1995-07-17;"Y";"Y"
844;"Active";"WALMART 6010";"55-9500123";1905-01-21;"Y";"Y"
845;"Active";"YRC INC";"55-9500123";;"Y";"Y"
846;"Active";"YRC INC";"55-9500123";;"Y";"Y"
847;"Active";"CVS PHARMACY ORLANDO DC";"55-9500123";1954-04-04;"Y";"Y"
848;"Active";"ISLAND FREIGHT SERVICES INC";"55-9500123";;"Y";"Y"
849;"Active";"ISLAND FREIGHT SERVICES INC";"55-9500123";;"Y";"Y"
850;"Active";"MBX OCEAN SERVICES";"55-9500123";;"Y";"Y"
851;"Active";"MBX OCEAN SERVICES";"55-9500123";;"Y";"Y"
852;"Active";"MBX OCEAN SERVICES";"55-9500123";;"Y";"Y"
853;"Active";"ARROWPAC INC";"55-9500123";1915-03-12;"Y";"Y"
854;"Active";"ARROWPAC INC";"55-9500123";;"Y";"Y"
855;"Active";"ORGILL INC";"55-9500123";;"Y";"Y"
856;"Prospect";"ORGILL INC";"55-9500123";;"Y";"Y"
857;"Active";"ORGILL INC";"55-9500123";;"Y";"Y"
858;"Active";"SOUTHEASTERN FREIGHT LINES";"55-9500123";;"Y";"Y"
859;"Prospect";"MBX OCEAN SERVICES";"55-9500123";1908-07-07;"Y";"Y"
860;"Active";"PEP BOYS DISTRIBUTION CENTER";"55-9500123";;"Y";"Y"
861;"Closed";"PEP BOYS DISTRIBUTION CENTER";"55-9500123";1900-01-01;"Y";"Y"
862;"Active";"NEW WAVE INC";"55-9500123";;"Y";"Y"
863;"Active";"YRC INC";"55-9500123";;"Y";"Y"
864;"Active";"ISLAND FREIGHT SERVICES INC";"55-9500123";;"Y";"Y"
865;"Active";"MBX OCEAN SERVICES";"55-9500123";1915-09-14;"Y";"Y"
866;"Active";"MBX OCEAN SERVICES";"55-9500123";;"Y";"Y"
867;"Active";"MBX OCEAN SERVICES";"55-9500123";1999-12-19;"Y";"Y"
868;"Active";"MBX OCEAN SERVICES";"55-9500123";;"Y";"Y"
869;"Active";"DEPARTMENT OF THE ARMY";"55-9500123";;"Y";"Y"
870;"Active";"DEPARTMENT OF THE ARMY";"55-9500123";;"Y";"Y"
871;"Active";"DEPARTMENT OF THE ARMY";"55-9500123";;"Y";"Y"
872;"Active";"ORGILL INC";"55-9500123";1970-01-21;"Y";"Y"
873;"Active";"ORGILL INC";"55-9500123";1988-05-22;"Y";"Y"
874;"Active";"PEP BOYS DISTRIBUTION CENTER";"55-9500123";;"Y";"Y"
875;"Active";"PEP BOYS DISTRIBUTION CENTER";"55-9500123";;"Y";"Y"
876;"Prospect";"PEP BOYS DISTRIBUTION CENTER";"55-9500123";1901-10-10;"Y";"Y"
877;"Closed";"PEP BOYS DISTRIBUTION CENTER";"55-9500123";1900-01-01;"Y";"Y"
878;"Active";"VOLKSWAGEN GROUP OF AMERICA INC";"55-9500123";;"Y";"Y"
879;"Closed";"UPS FREIGHT";"55-9500123";1900-01-01;"Y";"Y"
880;"Active";"ECONOCARIBE CONSOLIDATORS INC";"55-9500123";;"Y";"Y"
881;"Closed";"MAGIC TRANSPORT";"55-9500123";1900-01-01;"Y";"Y"
882;"Active";"CVS PHARMACY ORLANDO DC";"55-9500123";;"Y";"Y"
883;"Active";"MBX OCEAN SERVICES";"55-9500123";;"Y";"Y"
884;"Active";"THERMO KING";"55-9500123";;"Y";"Y"
885;"Closed";"DEPARTMENT OF THE ARMY";"55-9500123";1900-01-01;"Y";"Y"
886;"Active";"ORGILL INC";"55-9500123";2005-05-24;"Y";"Y"
887;"Closed";"E I DUPONT DE NEMOURS";"55-9500123";1900-01-01;"Y";"Y"
888;"Prospect";"E I DUPONT DE NEMOURS";"55-9500123";;"Y";"Y"
889;"Active";"CARRIER NORTH AMERICA INC";"55-9500123";;"Y";"Y"
890;"Active";"VOLKSWAGEN GROUP OF AMERICA INC";"55-9500123";1960-09-13;"Y";"Y"
891;"Active";"PPG INDUSTRIES INC";"55-9500123";1996-12-05;"Y";"Y"
892;"Active";"SOUTHEASTERN FREIGHT LINES";"55-9500123";1925-06-29;"Y";"Y"
893;"Active";"TRANSCARIBE FREIGHT CORP";"55-9500123";;"Y";"Y"
894;"Active";"SOUTHEASTERN FREIGHT LINES";"55-9500123";;"Y";"Y"
895;"Prospect";"YRC INC";"55-9500123";1992-10-21;"Y";"Y"
896;"Active";"AVERITT EXPRESS";"55-9500123";;"Y";"Y"
897;"Active";"MBX OCEAN SERVICES";"55-9500123";;"Y";"Y"
898;"Active";"MBX OCEAN SERVICES";"55-9500123";2001-04-29;"Y";"Y"
899;"Active";"DEPARTMENT OF THE ARMY";"55-9500123";;"Y";"Y"
900;"Active";"ORGILL INC";"55-9500123";1953-03-31;"Y";"Y"
901;"Active";"GRAINGER";"55-9500123";1906-08-27;"Y";"Y"
902;"Active";"DEPARTMENT OF THE ARMY";"55-9500123";1974-05-26;"Y";"Y"
903;"Active";"ORGILL INC";"55-9500123";;"Y";"Y"
904;"Closed";"E I DUPONT DE NEMOURS";"55-9500123";1900-01-01;"Y";"Y"
905;"Active";"E I DUPONT DE NEMOURS";"55-9500123";;"Y";"Y"
906;"Active";"UPS FREIGHT";"55-9500123";2011-11-05;"Y";"Y"
907;"Active";"CHRYSLER GROUP LCC";"55-9500123";1996-10-31;"Y";"Y"
908;"Active";"CHRYSLER GROUP LCC";"55-9500123";2003-04-26;"Y";"Y"
909;"Active";"SOUTHEASTERN FREIGHT LINES";"55-9500123";;"Y";"Y"
910;"Active";"MBX OCEAN SERVICES";"55-9500123";1987-12-28;"Y";"Y"
911;"Active";"MBX OCEAN SERVICES";"55-9500123";;"Y";"Y"
912;"Prospect";"DEPARTMENT OF THE ARMY";"55-9500123";1967-08-31;"Y";"Y"
913;"Active";"DEPARTMENT OF THE ARMY";"55-9500123";1923-06-15;"Y";"Y"
914;"Active";"ATS INTERNATIONAL INC";"55-9500123";1952-10-25;"Y";"Y"
915;"Prospect";"PRUDENTIAL CLEAN ROOM SERVICES";"55-9500123";1998-06-04;"Y";"Y"
916;"Prospect";"RED OAK LOGISTICS INC";"55-9500123";;"Y";"Y"
917;"Active";"ALCAN PACKAGING";"55-9500123";;"Y";"Y"
918;"Active";"CARRIER NORTH AMERICA INC";"55-9500123";;"Y";"Y"
919;"Active";"ATS INTERNATIONAL INC";"55-9500123";;"Y";"Y"
920;"Closed";"NOBLE AMERICAS CORP";"55-9500123";1900-01-01;"Y";"Y"
921;"Active";"ESTES EXPRESS LINE";"55-9500123";1911-08-18;"Y";"Y"
922;"Active";"YRC INC";"55-9500123";1926-10-14;"Y";"Y"
923;"Prospect";"TRANSCARIBE FREIGHT CORP";"55-9500123";;"Y";"Y"
924;"Prospect";"TRANSCARIBE FREIGHT CORP";"55-9500123";;"Y";"Y"
925;"Prospect";"E I DUPONT DE NEMOURS";"55-9500123";;"Y";"Y"
926;"Active";"E I DUPONT DE NEMOURS";"55-9500123";;"Y";"Y"
927;"Active";"THERMO KING";"55-9500123";;"Y";"Y"
928;"Active";"GENERAL ELECTRIC";"55-9500123";1928-07-30;"Y";"Y"
929;"Prospect";"MAGIC TRANSPORT";"55-9500123";;"Y";"Y"
930;"Active";"THE COCA COLA CO";"55-9500123";;"Y";"Y"
931;"Active";"MBX OCEAN SERVICES";"55-9500123";;"Y";"Y"
932;"Active";"MAGIC TRANSPORT";"55-9500123";;"Y";"Y"
933;"Active";"THE COCA COLA CO";"55-9500123";1940-05-08;"Y";"Y"
934;"Active";"SOUTHEASTERN MINERALS INC";"55-9500123";1972-08-15;"Y";"Y"
935;"Active";"NATIONAL FRUIT FLAVOR COMPANY INC";"55-9500123";1950-06-19;"Y";"Y"
936;"Active";"BECKMAN COULTER";"55-9500123";;"Y";"Y"
937;"Active";"E I DUPONT DE NEMOURS";"55-9500123";1988-07-22;"Y";"Y"
938;"Active";"E I DUPONT DE NEMOURS";"55-9500123";1935-08-14;"Y";"Y"
939;"Active";"E I DUPONT DE NEMOURS";"55-9500123";;"Y";"Y"
940;"Active";"LYNDEN INTERNATIONAL";"55-9500123";1915-06-29;"Y";"Y"
941;"Active";"TATE & LYLE";"55-9500123";;"Y";"Y"
942;"Active";"THERMO KING";"55-9500123";;"Y";"Y"
943;"Active";"ECONOCARIBE CONSOLIDATORS INC";"55-9500123";;"Y";"Y"
944;"Prospect";"TATE & LYLE";"55-9500123";;"Y";"Y"
945;"Active";"MBX OCEAN SERVICES";"55-9500123";;"Y";"Y"
946;"Prospect";"MACSTEEL SERVICE CENTERS USA INC";"55-9500123";;"Y";"Y"
947;"Prospect";"PET DAIRY";"55-9500123";;"Y";"Y"
948;"Active";"CH ROBINSON INTERNATIONAL";"55-9500123";1916-12-22;"Y";"Y"
949;"Prospect";"ARROWPAC INC";"55-9500123";2015-01-18;"Y";"Y"
950;"Active";"BASF CORPORATION";"55-9500123";1988-09-18;"Y";"Y"
951;"Active";"MBX OCEAN SERVICES";"55-9500123";;"Y";"Y"
952;"Active";"MBX OCEAN SERVICES";"55-9500123";1962-12-15;"Y";"Y"
953;"Active";"MBX OCEAN SERVICES";"55-9500123";1974-02-04;"Y";"Y"
954;"Active";"SEALINES INTERNATIONAL";"55-9500123";;"Y";"Y"
955;"Active";"UPS FREIGHT";"55-9500123";;"Y";"Y"
956;"Active";"MBX OCEAN SERVICES";"55-9500123";1914-02-06;"Y";"Y"
957;"Active";"THERMO KING";"55-9500123";;"Y";"Y"
958;"Active";"FASTENAL COMPANY";"55-9500123";1974-12-17;"Y";"Y"
959;"Prospect";"TRANSCARIBE FREIGHT CORP";"55-9500123";;"Y";"Y"
960;"Active";"YRC INC";"55-9500123";2013-11-14;"Y";"Y"
961;"Closed";"YRC INC";"55-9500123";1900-01-01;"Y";"Y"
962;"Active";"THERMO KING";"55-9500123";;"Y";"Y"
963;"Active";"MBX OCEAN SERVICES";"55-9500123";;"Y";"Y"
964;"Active";"GENERAL ELECTRIC";"55-9500123";1901-12-04;"Y";"Y"
965;"Active";"YRC INC";"55-9500123";;"Y";"Y"
966;"Active";"SOUTHEASTERN FREIGHT LINES";"55-9500123";1967-06-21;"Y";"Y"
967;"Active";"THERMO KING";"55-9500123";1955-04-28;"Y";"Y"
968;"Prospect";"TRANSCARIBE FREIGHT CORP";"55-9500123";;"Y";"Y"
969;"Active";"MBX OCEAN SERVICES";"55-9500123";1951-06-03;"Y";"Y"
970;"Active";"THERMO KING CORP";"55-9500123";;"Y";"Y"
971;"Active";"TRANSCARIBE FREIGHT CORP";"55-9500123";1954-03-09;"Y";"Y"
972;"Active";"SOUTHEASTERN FREIGHT LINES";"55-9500123";1957-02-03;"Y";"Y"
973;"Active";"BURLINGTON COAT FACTORY";"55-9500123";;"Y";"Y"
974;"Active";"THERMO KING";"55-9500123";1943-04-17;"Y";"Y"
975;"Active";"SAN JUAN POOLS  AECC";"55-9500123";1964-01-24;"Y";"Y"
976;"Active";"CARIBBEAN SHIPPING SERVICES";"55-9500123";;"Y";"Y"
977;"Closed";"UPS FREIGHT";"55-9500123";1900-01-01;"Y";"Y"
978;"Active";"KATHRYNE HART";"55-9500123";1917-03-23;"Y";"Y"
979;"Prospect";"DEPARTMENT OF THE ARMY";"55-9500123";1937-09-29;"Y";"Y"
980;"Active";"SOUTHEASTERN FREIGHT LINES";"55-9500123";;"Y";"Y"
981;"Active";"ATS INTERNATIONAL INC";"55-9500123";1901-04-27;"Y";"Y"
982;"Active";"WARREN DEL CARIBE";"55-9500123";;"Y";"Y"
983;"Prospect";"EQUIPSA NVOCC INC";"55-9500123";2009-11-29;"Y";"Y"
984;"Active";"WARREN DEL CARIBE";"55-9500123";1918-07-31;"Y";"Y"
985;"Prospect";"THERMO KING CORP";"55-9500123";;"Y";"Y"
986;"Active";"YRC INC";"55-9500123";;"Y";"Y"
987;"Closed";"US POSTAL SERVICE";"55-9500123";1900-01-01;"Y";"Y"
988;"Active";"THERMO KING";"55-9500123";1987-04-17;"Y";"Y"
989;"Prospect";"THERMO KING";"55-9500123";;"Y";"Y"
990;"Closed";"THERMO KING";"55-9500123";1900-01-01;"Y";"Y"
991;"Active";"ECONOCARIBE CONSOLIDATORS INC";"55-9500123";1938-03-27;"Y";"Y"
992;"Prospect";"THERMO KING CORP";"55-9500123";;"Y";"Y"
993;"Active";"JCC INTERNATIONAL";"55-9500123";;"Y";"Y"
994;"Prospect";"AVERITT EXPRESS";"55-9500123";;"Y";"Y"
995;"Active";"TRANSCARIBE FREIGHT CORP";"55-9500123";;"Y";"Y"
996;"Active";"UPS FREIGHT";"55-9500123";2010-09-03;"Y";"Y"
997;"Prospect";"COLONIAL HARDWARE CORP";"55-9500123";2011-12-04;"Y";"Y"
998;"Active";"UPS FREIGHT";"55-9500123";;"Y";"Y"
999;"Active";"E I DUPONT DE NEMOURS";"55-9500123";;"Y";"Y"
1000;"Active";"LEGGETT & PLATT INC";"55-9500123";;"Y";"Y"
1001;"Active";"PEP BOYS DISTRIBUTION CENTER";"55-9500123";;"Y";"Y"
1002;"Prospect";"MBX OCEAN SERVICES";"55-9500123";1972-11-02;"Y";"Y"
1003;"Active";"UTI UNITED STATES INC";"55-9500123";;"Y";"Y"
1004;"Active";"INTERNATIONAL PAPER  COMPANY";"55-9500123";;"Y";"Y"
1005;"Active";"MALLORY TRANSPORTATION SYSTEM";"55-9500123";;"Y";"Y"
1006;"Active";"IFSVS INC";"55-9500123";1959-05-09;"Y";"Y"
1007;"Closed";"FLORIDA DISTILLERS";"55-9500123";1900-01-01;"Y";"Y"
1008;"Active";"PILOT CHEMICAL";"55-9500123";;"Y";"Y"
1009;"Active";"MBX OCEAN SERVICES";"55-9500123";;"Y";"Y"
1010;"Prospect";"UPS FREIGHT";"55-9500123";1907-01-06;"Y";"Y"
1011;"Closed";"INTERNATIONAL PAPER BOX PLANT";"55-9500123";1900-01-01;"Y";"Y"
1012;"Active";"ARROWPAC INC";"55-9500123";2014-08-13;"Y";"Y"
1013;"Active";"ATLAS TUBE";"55-9500123";;"Y";"Y"
1014;"Active";"SEATING CONCEPTS INC";"55-9500123";;"Y";"Y"
1015;"Prospect";"YRC INC";"55-9500123";1946-10-30;"Y";"Y"
1016;"Active";"ASHLEY FURNITURE";"55-9500123";;"Y";"Y"
1017;"Active";"E I DUPONT DE NEMOURS";"55-9500123";1956-05-21;"Y";"Y"
1018;"Active";"BATESVILLE CASKET CO";"55-9500123";;"Y";"Y"
1019;"Active";"ARROWPAC INC";"55-9500123";1944-06-22;"Y";"Y"
1020;"Active";"GENERAL ELECTRIC";"55-9500123";;"Y";"Y"
1021;"Active";"TRANSCARIBE FREIGHT CORP";"55-9500123";;"Y";"Y"
1022;"Prospect";"MBX OCEAN SERVICES";"55-9500123";1955-03-11;"Y";"Y"
1023;"Active";"E I DUPONT DE NEMOURS";"55-9500123";;"Y";"Y"
1024;"Prospect";"SOUTHEASTERN FREIGHT LINES";"55-9500123";1932-07-22;"Y";"Y"
1025;"Active";"DO NOT USE  FOOT LOCKER CORPORATE SVCS INC";"55-9500123";;"Y";"Y"
1026;"Active";"E I DUPONT DE NEMOURS";"55-9500123";1907-10-04;"Y";"Y"
1027;"Prospect";"SOUTHEASTERN FREIGHT LINES";"55-9500123";1980-07-17;"Y";"Y"
1028;"Active";"GENERAL ELECTRIC";"55-9500123";2005-02-21;"Y";"Y"
1029;"Prospect";"MBX OCEAN SERVICES";"55-9500123";1927-08-09;"Y";"Y"
1030;"Prospect";"SOUTH ATLANTIC GALVANIZERS";"55-9500123";;"Y";"Y"
1031;"Closed";"RED OAK LOGISTICS INC";"55-9500123";1900-01-01;"Y";"Y"
1032;"Active";"ESTES EXPRESS LINE";"55-9500123";;"Y";"Y"
1033;"Active";"E I DUPONT DE NEMOURS";"55-9500123";1979-10-01;"Y";"Y"
1034;"Prospect";"TRANSCARIBE FREIGHT CORP";"55-9500123";2013-01-19;"Y";"Y"
1035;"Active";"DEPARTMENT OF THE ARMY";"55-9500123";1946-02-23;"Y";"Y"
1036;"Prospect";"AQUA GULF TRANSPORT INC";"55-9500123";1908-04-27;"Y";"Y"
1037;"Prospect";"DO NOT USE  FOOT LOCKER CORPORATE SVCS INC";"55-9500123";;"Y";"Y"
1038;"Active";"SEATING CONCEPTS INC";"55-9500123";1955-06-15;"Y";"Y"
1039;"Active";"OFFICE MAX";"55-9500123";;"Y";"Y"
1040;"Prospect";"SOUTHEASTERN MINERALS INC";"55-9500123";;"Y";"Y"
1041;"Active";"AJC LOGISTICS LLC";"55-9500123";1986-10-21;"Y";"Y"
1042;"Active";"DEPARTMENT OF THE ARMY";"55-9500123";;"Y";"Y"
1043;"Active";"ESTES EXPRESS LINE";"55-9500123";2015-04-26;"Y";"Y"
1044;"Active";"DMSI HOME GOODS";"55-9500123";1961-05-01;"Y";"Y"
1045;"Active";"PEP BOYS DISTRIBUTION CENTER";"55-9500123";1916-03-06;"Y";"Y"
1046;"Active";"E I DUPONT DE NEMOURS";"55-9500123";;"Y";"Y"
1047;"Active";"RED OAK LOGISTICS INC";"55-9500123";;"Y";"Y"
1048;"Closed";"CWT FARMS";"55-9500123";1900-01-01;"Y";"Y"
1049;"Active";"AJC LOGISTICS LLC";"55-9500123";2000-03-19;"Y";"Y"
1050;"Active";"DEPARTMENT OF THE ARMY";"55-9500123";;"Y";"Y"
1051;"Active";"ARROWPAC INC";"55-9500123";1957-02-13;"Y";"Y"
1052;"Prospect";"RED OAK LOGISTICS INC";"55-9500123";;"Y";"Y"
1053;"Active";"CHAMPION SYSTEM INC";"55-9500123";;"Y";"Y"
1054;"Active";"PILGRIMS PRIDE CORP";"55-9500123";;"Y";"Y"
1055;"Active";"TITCO CORP";"55-9500123";;"Y";"Y"
1056;"Active";"CARIBBEAN SHIPPING SERVICES";"55-9500123";1990-01-17;"Y";"Y"
1057;"Prospect";"SOUTHEASTERN FREIGHT LINES";"55-9500123";;"Y";"Y"
1058;"Active";"DEPARTMENT OF THE ARMY";"55-9500123";1914-02-14;"Y";"Y"
1059;"Prospect";"ITL";"55-9500123";;"Y";"Y"
1060;"Active";"PACTIV CORPORATION";"55-9500123";;"Y";"Y"
1061;"Active";"YRC INC";"55-9500123";;"Y";"Y"
1062;"Active";"CARIBBEAN SHIPPING SERVICES";"55-9500123";;"Y";"Y"
1063;"Active";"RED OAK LOGISTICS INC";"55-9500123";;"Y";"Y"
1064;"Active";"MARSHALLS CORP";"55-9500123";;"Y";"Y"
1065;"Active";"AJC LOGISTICS LLC";"55-9500123";;"Y";"Y"
1066;"Active";"CARIBBEAN SHIPPING SERVICES";"55-9500123";1914-02-09;"Y";"Y"
1067;"Active";"PPG INDUSTRIES INC";"55-9500123";2000-07-23;"Y";"Y"
1068;"Active";"PILGRIMS PRIDE CORP";"55-9500123";1937-03-12;"Y";"Y"
1069;"Active";"SMITHFIELD PLANT 270";"55-9500123";2000-08-19;"Y";"Y"
1070;"Active";"SMITHFIELD PLANT 270";"55-9500123";2004-12-13;"Y";"Y"
1071;"Prospect";"PILGRIMS PRIDE CORP";"55-9500123";;"Y";"Y"
1072;"Active";"DEPARTMENT OF THE ARMY";"55-9500123";;"Y";"Y"
1073;"Prospect";"DEPARTMENT OF THE ARMY";"55-9500123";2008-12-04;"Y";"Y"
1074;"Active";"TRANSNOW INC";"55-9500123";2003-10-22;"Y";"Y"
1075;"Active";"DO NOT USE  FOOT LOCKER CORPORATE SVCS INC";"55-9500123";;"Y";"Y"
1076;"Active";"WALMART DISTRIBUTION CENTER 6099";"55-9500123";;"Y";"Y"
1077;"Active";"PILGRIMS PRIDE";"55-9500123";1923-06-09;"Y";"Y"
1078;"Active";"ORGILL INC";"55-9500123";;"Y";"Y"
1079;"Active";"PILGRIM'S PRIDE CORPORATION";"55-9500123";1916-08-13;"Y";"Y"
1080;"Active";"NUNEZ FOODS INC";"55-9500123";2010-01-05;"Y";"Y"
1081;"Active";"PACKERS PROVISION OF FLORIDA";"55-9500123";;"Y";"Y"
1082;"Active";"SMITHFIELD PLANT 270";"55-9500123";;"Y";"Y"
1083;"Active";"CARIBBEAN SHIPPING SERVICES";"55-9500123";;"Y";"Y"
1084;"Closed";"SCA TISSUE";"55-9500123";1900-01-01;"Y";"Y"
1085;"Active";"AQUA GULF TRANSPORT INC";"55-9500123";;"Y";"Y"
1086;"Active";"CARIBBEAN SHIPPING SERVICES";"55-9500123";;"Y";"Y"
1087;"Active";"MARSHALLS CORP";"55-9500123";;"Y";"Y"
1088;"Prospect";"HORIZON INTL SHIPPING INC";"55-9500123";1981-02-18;"Y";"Y"
1089;"Active";"PACKERS PROVISION OF FLORIDA";"55-9500123";1965-10-26;"Y";"Y"
1090;"Active";"TJ MAXX 894";"55-9500123";1910-09-23;"Y";"Y"
1091;"Active";"DEPARTMENT OF THE ARMY";"55-9500123";1950-04-30;"Y";"Y"
1092;"Prospect";"SMITHFIELD PLANT 270";"55-9500123";;"Y";"Y"
1093;"Prospect";"SMITHFIELD PLANT 270";"55-9500123";1958-05-21;"Y";"Y"
1094;"Active";"WALMART DISTRIBUTION CENTER 6099";"55-9500123";1968-06-13;"Y";"Y"
1095;"Active";"J MIRANDO PRODUCE CORP";"55-9500123";1985-04-04;"Y";"Y"
1096;"Active";"CARIBBEAN SHIPPING SERVICES";"55-9500123";1940-07-31;"Y";"Y"
1097;"Prospect";"HORIZON INTL SHIPPING INC";"55-9500123";;"Y";"Y"
1098;"Closed";"V SUAREZ & CO INC";"55-9500123";1900-01-01;"Y";"Y"
1099;"Prospect";"OFFICE MAX";"55-9500123";1973-05-09;"Y";"Y"
1100;"Closed";"ARROWPAC INC";"55-9500123";1900-01-01;"Y";"Y"
1101;"Active";"ISLAND FREIGHT SERVICES INC";"55-9500123";;"Y";"Y"
1102;"Active";"GOODNIGHT INTERNATIONAL INC";"55-9500123";1995-04-17;"Y";"Y"
1103;"Active";"SHIPPERS WAREHOUSE OF GEORGIA";"55-9500123";1972-06-05;"Y";"Y"
1104;"Active";"LORILLARD TOBACCO CO";"55-9500123";;"Y";"Y"
1105;"Active";"CARIBBEAN SHIPPING SERVICES";"55-9500123";2010-12-28;"Y";"Y"
1106;"Active";"GOODNIGHT INTERNATIONAL INC";"55-9500123";;"Y";"Y"
1107;"Prospect";"CARIBBEAN SHIPPING SERVICES";"55-9500123";;"Y";"Y"
1108;"Active";"CARIBBEAN SHIPPING SERVICES";"55-9500123";;"Y";"Y"
1109;"Active";"BIRCHWOOD FOODS";"55-9500123";1907-07-14;"Y";"Y"
1110;"Active";"BIRCHWOOD FOODS";"55-9500123";1959-11-17;"Y";"Y"
1111;"Active";"NIPRO MEDICAL CORP";"55-9500123";;"Y";"Y"
1112;"Prospect";"AQUA GULF TRANSPORT INC";"55-9500123";1938-09-04;"Y";"Y"
1113;"Active";"SHIPPERS WAREHOUSE OF GEORGIA";"55-9500123";;"Y";"Y"
1114;"Active";"SHIPPERS WAREHOUSE OF GEORGIA";"55-9500123";;"Y";"Y"
1115;"Active";"TJ MAXX 894";"55-9500123";2009-05-29;"Y";"Y"
1116;"Active";"DMSI HOME GOODS";"55-9500123";;"Y";"Y"
1117;"Prospect";"CARIBBEAN SHIPPING SERVICES";"55-9500123";;"Y";"Y"
1118;"Active";"TOYS R US INC";"55-9500123";;"Y";"Y"
1119;"Closed";"OFFICE MAX";"55-9500123";1900-01-01;"Y";"Y"
1120;"Closed";"WALMART DISTRIBUTION CENTER 6099";"55-9500123";1900-01-01;"Y";"Y"
1121;"Active";"FRESH POINT  A ONE A PRODUCE";"55-9500123";1908-01-03;"Y";"Y"
1122;"Active";"FRESH POINT  A ONE A PRODUCE";"55-9500123";;"Y";"Y"
1123;"Active";"CARIBBEAN SHIPPING SERVICES";"55-9500123";;"Y";"Y"
1124;"Closed";"STRATAS FOODS";"55-9500123";1900-01-01;"Y";"Y"
1125;"Active";"PRIORITY SOLUTIONS INTERNATIONAL";"55-9500123";;"Y";"Y"
1126;"Active";"ARROWPAC INC";"55-9500123";;"Y";"Y"
1127;"Closed";"REINHART FOOD SERVICE";"55-9500123";1900-01-01;"Y";"Y"
1128;"Active";"H J HEINZ CO";"55-9500123";1990-04-24;"Y";"Y"
1129;"Active";"DEPARTMENT OF THE ARMY";"55-9500123";1915-06-03;"Y";"Y"
1130;"Active";"BURLINGTON COAT FACTORY";"55-9500123";;"Y";"Y"
1131;"Active";"WALMART DISTRIBUTION CENTER 6099";"55-9500123";1946-05-08;"Y";"Y"
1132;"Active";"DEPARTMENT OF THE ARMY";"55-9500123";1969-10-13;"Y";"Y"
1133;"Active";"UPS FREIGHT (UPGF)";"55-9500123";;"Y";"Y"
1134;"Active";"WALMART 6010";"55-9500123";;"Y";"Y"
1135;"Active";"QUIRCH FOODS COMPANY";"55-9500123";;"Y";"Y"
1136;"Active";"CARIBBEAN SHIPPING SERVICES";"55-9500123";;"Y";"Y"
1137;"Prospect";"CARIBBEAN SHIPPING SERVICES";"55-9500123";;"Y";"Y"
1138;"Active";"DRIVE MEDICAL DESIGN & MFG";"55-9500123";;"Y";"Y"
1139;"Active";"TRANSNOW INC";"55-9500123";2000-12-15;"Y";"Y"
1140;"Prospect";"OFFICE MAX";"55-9500123";;"Y";"Y"
1141;"Active";"WESTERN HAY CO INC";"55-9500123";1948-12-24;"Y";"Y"
1142;"Active";"QUIRCH FOODS COMPANY";"55-9500123";;"Y";"Y"
1143;"Active";"AQUA GULF TRANSPORT INC";"55-9500123";1999-05-20;"Y";"Y"
1144;"Closed";"ESTES EXPRESS LINE";"55-9500123";1900-01-01;"Y";"Y"
1145;"Active";"OFFICE MAX";"55-9500123";;"Y";"Y"
1146;"Active";"ATEC SYSTEMS LTD";"55-9500123";1951-02-10;"Y";"Y"
1147;"Active";"WALMART DISTRIBUTION CENTER 6099";"55-9500123";;"Y";"Y"
1148;"Active";"ATEC SYSTEMS LTD";"55-9500123";1909-01-26;"Y";"Y"
1149;"Active";"DEPARTMENT OF THE ARMY";"55-9500123";1989-10-18;"Y";"Y"
1150;"Active";"DEPARTMENT OF THE ARMY";"55-9500123";1943-06-29;"Y";"Y"
1151;"Active";"OFFICE MAX";"55-9500123";;"Y";"Y"
1152;"Prospect";"MATOSANTOS COMMERCIAL CORP";"55-9500123";2004-09-15;"Y";"Y"
1153;"Active";"WALMART DISTRIBUTION CENTER 6099";"55-9500123";;"Y";"Y"
1154;"Prospect";"ZERO MOUNTAIN";"55-9500123";;"Y";"Y"
1155;"Prospect";"OFFICE MAX";"55-9500123";1910-04-07;"Y";"Y"
1156;"Active";"WALMART 6010";"55-9500123";1967-08-31;"Y";"Y"
1157;"Active";"CARIBBEAN PRODUCE EXCHANGE INC";"55-9500123";;"Y";"Y"
1158;"Active";"GOODNIGHT INTERNATIONAL INC";"55-9500123";1916-05-18;"Y";"Y"
1159;"Active";"SHIPPERS WAREHOUSE OF GEORGIA";"55-9500123";1966-11-15;"Y";"Y"
1160;"Active";"TOYS R US INC";"55-9500123";;"Y";"Y"
1161;"Prospect";"WALMART 6010";"55-9500123";1923-10-17;"Y";"Y"
1162;"Active";"WALMART 6010";"55-9500123";1954-05-14;"Y";"Y"
1163;"Active";"TRANSNOW INC";"55-9500123";1971-03-15;"Y";"Y"
1164;"Active";"MATOSANTOS COMMERCIAL CORP";"55-9500123";1957-07-17;"Y";"Y"
1165;"Active";"WALMART 6010";"55-9500123";;"Y";"Y"
1166;"Active";"TOYS R US INC";"55-9500123";;"Y";"Y"
1167;"Closed";"DEPARTMENT OF THE ARMY";"55-9500123";1900-01-01;"Y";"Y"
1168;"Active";"WALMART 6010";"55-9500123";;"Y";"Y"
1169;"Active";"OFFICE MAX";"55-9500123";2012-05-22;"Y";"Y"
1170;"Closed";"WALMART 6010";"55-9500123";1900-01-01;"Y";"Y"
1171;"Prospect";"PRESTAGE FOODS";"55-9500123";1976-08-16;"Y";"Y"
1172;"Active";"DEPARTMENT OF THE ARMY";"55-9500123";2004-08-31;"Y";"Y"
1173;"Active";"GOODNIGHT INTERNATIONAL INC";"55-9500123";1906-07-20;"Y";"Y"
1174;"Active";"WALMART 6010";"55-9500123";;"Y";"Y"
1175;"Active";"REINHART FOOD SERVICE";"55-9500123";;"Y";"Y"
1176;"Active";"CARIBBEAN SHIPPING SERVICES";"55-9500123";1914-02-26;"Y";"Y"
1177;"Active";"WALMART 6010";"55-9500123";;"Y";"Y"
1178;"Active";"MATOSANTOS COMMERCIAL CORP";"55-9500123";;"Y";"Y"
1179;"Prospect";"WALTKOCH LIMITED";"55-9500123";2006-09-18;"Y";"Y"
1180;"Active";"MARS CHOCOLATE NA LLC";"55-9500123";;"Y";"Y"
1181;"Closed";"TRANSNOW INC";"55-9500123";1900-01-01;"Y";"Y"
1182;"Prospect";"WALMART 6010";"55-9500123";1988-02-25;"Y";"Y"
1183;"Active";"CARIBBEAN SHIPPING SERVICES";"55-9500123";1949-09-09;"Y";"Y"
1184;"Prospect";"WALMART 6010";"55-9500123";1964-03-02;"Y";"Y"
1185;"Active";"MILLER BREWING CO";"55-9500123";1931-10-20;"Y";"Y"
1186;"Active";"MILLER BREWING CO";"55-9500123";1926-12-24;"Y";"Y"
1187;"Closed";"MILLER BREWING CO";"55-9500123";1900-01-01;"Y";"Y"
1188;"Active";"MILLER BREWING CO";"55-9500123";1975-02-09;"Y";"Y"
1189;"Active";"MILLER BREWING CO";"55-9500123";;"Y";"Y"
1190;"Active";"MILLER BREWING CO";"55-9500123";1909-01-03;"Y";"Y"
1191;"Closed";"DEPARTMENT OF THE ARMY";"55-9500123";1900-01-01;"Y";"Y"
1192;"Prospect";"CARIBBEAN SHIPPING SERVICES";"55-9500123";2008-07-26;"Y";"Y"
1193;"Active";"CARGILL INC";"55-9500123";1929-10-16;"Y";"Y"
1194;"Active";"DEPARTMENT OF THE ARMY";"55-9500123";;"Y";"Y"
1195;"Prospect";"MATOSANTOS COMMERCIAL CORP";"55-9500123";;"Y";"Y"
1196;"Active";"CARIBBEAN SHIPPING SERVICES";"55-9500123";;"Y";"Y"
1197;"Active";"REINHART FOOD SERVICE";"55-9500123";2002-04-07;"Y";"Y"
1198;"Active";"DEPARTMENT OF THE ARMY";"55-9500123";1938-01-17;"Y";"Y"
1199;"Closed";"OFFICE MAX";"55-9500123";1900-01-01;"Y";"Y"
1200;"Active";"TRANSNOW INC";"55-9500123";1942-03-14;"Y";"Y"
1201;"Active";"CARIBBEAN SHIPPING SERVICES";"55-9500123";;"Y";"Y"
1202;"Active";"GOODNIGHT INTERNATIONAL INC";"55-9500123";;"Y";"Y"
1203;"Closed";"V SUAREZ & CO INC";"55-9500123";1900-01-01;"Y";"Y"
1204;"Prospect";"V SUAREZ & CO INC";"55-9500123";2013-08-13;"Y";"Y"
1205;"Active";"CARIBBEAN PRODUCE EXCHANGE INC";"55-9500123";1997-12-19;"Y";"Y"
1206;"Active";"CARIBBEAN SHIPPING SERVICES";"55-9500123";;"Y";"Y"
1207;"Closed";"SMITHFIELD FOODS PLANT 410";"55-9500123";1900-01-01;"Y";"Y"
1208;"Prospect";"DEPARTMENT OF THE ARMY";"55-9500123";;"Y";"Y"
1209;"Closed";"ATEC SYSTEMS LTD";"55-9500123";1900-01-01;"Y";"Y"
1210;"Active";"CARIBBEAN SHIPPING SERVICES";"55-9500123";;"Y";"Y"
1211;"Active";"GOODNIGHT INTERNATIONAL INC";"55-9500123";;"Y";"Y"
1212;"Active";"DADE PAPER";"55-9500123";1984-06-16;"Y";"Y"
1213;"Closed";"CARIBBEAN SHIPPING SERVICES";"55-9500123";1900-01-01;"Y";"Y"
1214;"Active";"DEPARTMENT OF THE ARMY";"55-9500123";1981-04-23;"Y";"Y"
1215;"Active";"MARS PET CARE US INC";"55-9500123";1972-05-13;"Y";"Y"
