"customer_id";"email";"type";"mention_rate"
1;"abc@efg.com";"personal";52
2;"abc@efg.com";"work";58
3;"abc@efg.com";"personal";62
4;"ashley.laycraft@hotmail.com";"work";37
5;"ashley.laycraft@hotmail.com";"personal";76
6;"ashley.laycraft@hotmail.com";"work";57
7;"B.RUBBLE@TELUS.NET";"personal";39
8;"eee@bmo.com";"personal";30
9;"eee@bmo.com";"work";67
10;"FRED.FLINSTONE@BEDROCK.PARK.ON.CA";"work";55
11;"FRED.FLINSTONE@BEDROCK.PARK.ON.CA";"personal";95
12;"FRED.FLINSTONE@BEDROCK.PARK.ON.CA";"work";85
13;"FRED.FLINSTONE@BEDROCK.PARK.ON.CA";"personal";72
14;"G.SINGER@BMO.GC.ON.CA";"personal";68
15;"G.SINGER@BMO.GC.ON.CA";"personal";41
16;"G.SINGER@BMO.GC.ON.CA";"personal";64
17;"GOODY@HANMAIL.COM";"work";88
18;"GOODY@HANMAIL.COM";"personal";70
19;"GOODY@HANMAIL.COM";"personal";70
20;"GOODY@HANMAIL.COM";"work";52
21;"GORDANSINGER@GMAIL.COM";"personal";68
22;"GORDANSINGER@GMAIL.COM";"work";89
23;"GORDANSINGER@GMAIL.COM";"work";99
24;"GORDANSINGER@HOTMAIL.COM";"work";25
25;"GORDANSINGER@HOTMAIL.COM";"personal";54
26;"GORDANSINGER@HOTMAIL.COM";"work";76
27;"GORDANSINGER@HOTMAIL.COM";"work";88
28;"HANBOK@HOTMAIL.COM";"personal";36
29;"HANBOK@HOTMAIL.COM";"work";64
30;"j@bmo.com";"personal";77
31;"j@bmo.com";"work";66
32;"JORDAN.SINGER@YAHOO.COM";"personal";98
33;"JORDAN.SINGER@YAHOO.COM";"personal";91
34;"kevin.laycraft@rogers.com";"personal";79
35;"NABI@NAVER.COM";"personal";42
36;"NABI@NAVER.COM";"personal";91
37;"NABI@NAVER.COM";"work";62
38;"pat.laycraft@rogers.com";"work";84
39;"pat.laycraft@rogers.com";"personal";34
40;"pat.laycraft@rogers.com";"personal";35
41;"PIRI3@YAHOO.COM";"personal";77
42;"PIRI3@YAHOO.COM";"work";82
43;"PIRI58@HOTMAIL.COM";"work";39
44;"ab@abc.com";"work";78
45;"ab@abc.com";"work";73
46;"ab@abc.com";"personal";89
47;"ab@abc.com";"work";55
48;"ab@abc.com";"personal";76
49;"ab@abc.com";"personal";30
50;"ab@abc.com";"work";96
51;"ab@abc.com";"work";76
52;"ab@abc.com";"personal";46
53;"ab@abc.com";"personal";42
54;"ab@abc.com";"personal";57
55;"ab@abc.com";"personal";29
56;"ab@abc.com";"personal";40
57;"abc@efg.com";"personal";56
58;"abc@efg.com";"work";72
59;"PIRI58@HOTMAIL.COM";"personal";66
60;"PIRI58@HOTMAIL.COM";"personal";83
61;"PIRI7@DAUM.COM";"personal";97
62;"PIRI7@DAUM.COM";"work";59
63;"PIRI7@DAUM.COM";"work";38
64;"PIRI7@DAUM.COM";"work";25
65;"abc@efg.com";"personal";68
66;"abc@efg.com";"work";45
67;"abc@efg.com";"personal";26
68;"abc@efg.com";"work";89
69;"ashley.laycraft@hotmail.com";"work";31
70;"abc@efg.com";"work";80
71;"ashley.laycraft@hotmail.com";"personal";78
72;"PIRI7@DAUM.COM";"work";70
73;"PIRI7@DAUM.COM";"personal";58
74;"PIRI9@HOTMAIL.COM";"personal";52
75;"B.RUBBLE@TELUS.NET";"personal";66
76;"eee@bmo.com";"work";71
77;"B.RUBBLE@TELUS.NET";"work";42
78;"B.RUBBLE@TELUS.NET";"personal";44
79;"B.RUBBLE@TELUS.NET";"personal";49
80;"B.RUBBLE@TELUS.NET";"personal";69
81;"eee@bmo.com";"work";39
82;"eee@bmo.com";"personal";89
83;"FRED.FLINSTONE@BEDROCK.PARK.ON.CA";"personal";58
84;"eee@bmo.com";"personal";46
85;"eee@bmo.com";"personal";76
86;"eee@bmo.com";"work";38
87;"eee@bmo.com";"work";28
88;"eee@bmo.com";"work";69
89;"eee@bmo.com";"work";34
90;"eee@bmo.com";"personal";81
91;"FRED.FLINSTONE@BEDROCK.PARK.ON.CA";"personal";62
92;"PU@DD.NET";"work";86
93;"rlaycraft@bell.net";"personal";40
94;"rlaycraft@bell.net";"personal";47
95;"rlaycraft@bell.net";"work";87
96;"rlaycraft@bell.net";"work";50
97;"ross.laycraft@bmo.com";"personal";63
98;"ross.laycraft@bmo.com";"work";70
99;"ross.laycraft@sympatico.ca";"personal";62
100;"ross.laycraft@sympatico.ca";"personal";63
101;"st@bmo.com";"personal";40
102;"SIMON.AZAR@BMO.COM";"work";81
103;"ab@abc.com";"personal";58
104;"ab@abc.com";"personal";29
105;"ab@abc.com";"personal";41
106;"abc@efg.com";"work";58
107;"abc@efg.com";"work";35
108;"abc@efg.com";"personal";71
109;"abc@efg.com";"personal";24
110;"abc@efg.com";"work";45
111;"abc@efg.com";"work";76
112;"ashley.laycraft@hotmail.com";"personal";34
113;"ashley.laycraft@hotmail.com";"personal";86
114;"ashley.laycraft@hotmail.com";"personal";69
115;"ashley.laycraft@hotmail.com";"work";82
116;"B.RUBBLE@TELUS.NET";"work";29
117;"B.RUBBLE@TELUS.NET";"personal";37
118;"ashley.laycraft@hotmail.com";"work";99
119;"ashley.laycraft@hotmail.com";"work";63
120;"B.RUBBLE@TELUS.NET";"personal";61
121;"eee@bmo.com";"personal";66
122;"FRED.FLINSTONE@BEDROCK.PARK.ON.CA";"work";35
123;"FRED.FLINSTONE@BEDROCK.PARK.ON.CA";"personal";39
124;"eee@bmo.com";"personal";27
125;"eee@bmo.com";"work";89
126;"eee@bmo.com";"personal";95
127;"FRED.FLINSTONE@BEDROCK.PARK.ON.CA";"personal";97
128;"ab@abc.com";"work";61
129;"abc@efg.com";"work";85
130;"abc@efg.com";"personal";63
131;"ashley.laycraft@hotmail.com";"personal";32
132;"B.RUBBLE@TELUS.NET";"personal";38
133;"B.RUBBLE@TELUS.NET";"personal";54
134;"B.RUBBLE@TELUS.NET";"personal";49
135;"eee@bmo.com";"work";41
136;"eee@bmo.com";"personal";85
137;"eee@bmo.com";"work";74
138;"ab@abc.com";"personal";99
139;"ab@abc.com";"personal";44
140;"ab@abc.com";"work";92
141;"ab@abc.com";"work";70
142;"abc@efg.com";"personal";83
143;"abc@efg.com";"work";92
144;"ab@abc.com";"personal";44
145;"ab@abc.com";"work";50
146;"ab@abc.com";"personal";51
147;"ab@abc.com";"personal";23
148;"ab@abc.com";"personal";51
149;"ab@abc.com";"personal";58
150;"ab@abc.com";"personal";28
151;"ab@abc.com";"work";71
152;"ab@abc.com";"work";63
153;"ab@abc.com";"work";88
154;"abc@efg.com";"personal";36
155;"abc@efg.com";"personal";92
156;"abc@efg.com";"work";77
157;"abc@efg.com";"work";60
158;"abc@efg.com";"work";26
159;"ashley.laycraft@hotmail.com";"work";88
160;"ashley.laycraft@hotmail.com";"personal";57
161;"abc@efg.com";"personal";97
162;"abc@efg.com";"work";30
163;"ashley.laycraft@hotmail.com";"personal";37
164;"B.RUBBLE@TELUS.NET";"personal";37
165;"eee@bmo.com";"work";26
166;"eee@bmo.com";"work";84
167;"eee@bmo.com";"work";40
168;"B.RUBBLE@TELUS.NET";"work";60
169;"B.RUBBLE@TELUS.NET";"work";89
170;"B.RUBBLE@TELUS.NET";"work";37
171;"B.RUBBLE@TELUS.NET";"personal";71
172;"eee@bmo.com";"work";60
173;"eee@bmo.com";"work";99
174;"FRED.FLINSTONE@BEDROCK.PARK.ON.CA";"personal";94
175;"FRED.FLINSTONE@BEDROCK.PARK.ON.CA";"personal";82
176;"FRED.FLINSTONE@BEDROCK.PARK.ON.CA";"personal";93
177;"gt@bmo.com";"work";23
178;"gt@bmo.com";"personal";44
179;"eee@bmo.com";"personal";89
180;"eee@bmo.com";"personal";38
181;"eee@bmo.com";"personal";29
182;"eee@bmo.com";"work";40
183;"FRED.FLINSTONE@BEDROCK.PARK.ON.CA";"work";92
184;"FRED.FLINSTONE@BEDROCK.PARK.ON.CA";"personal";81
185;"FRED.FLINSTONE@BEDROCK.PARK.ON.CA";"personal";56
186;"FRED.FLINSTONE@BEDROCK.PARK.ON.CA";"personal";29
187;"FRED.FLINSTONE@BEDROCK.PARK.ON.CA";"personal";52
188;"ab@abc.com";"personal";43
189;"ab@abc.com";"work";34
190;"ab@abc.com";"work";56
191;"ashley.laycraft@hotmail.com";"work";35
192;"ashley.laycraft@hotmail.com";"work";81
193;"ashley.laycraft@hotmail.com";"work";64
194;"B.RUBBLE@TELUS.NET";"personal";66
195;"B.RUBBLE@TELUS.NET";"work";26
196;"B.RUBBLE@TELUS.NET";"work";73
197;"B.RUBBLE@TELUS.NET";"personal";87
198;"B.RUBBLE@TELUS.NET";"personal";44
199;"B.RUBBLE@TELUS.NET";"work";88
200;"eee@bmo.com";"personal";23
201;"eee@bmo.com";"work";33
202;"FRED.FLINSTONE@BEDROCK.PARK.ON.CA";"personal";24
203;"ab@abc.com";"work";23
204;"ab@abc.com";"work";98
205;"ab@abc.com";"personal";91
206;"ab@abc.com";"personal";74
207;"ab@abc.com";"personal";41
208;"ab@abc.com";"work";73
209;"ab@abc.com";"personal";32
210;"abc@efg.com";"personal";50
211;"ashley.laycraft@hotmail.com";"work";53
212;"ashley.laycraft@hotmail.com";"work";54
213;"B.RUBBLE@TELUS.NET";"personal";57
214;"B.RUBBLE@TELUS.NET";"personal";42
215;"eee@bmo.com";"personal";90
216;"eee@bmo.com";"work";30
217;"eee@bmo.com";"personal";51
218;"FRED.FLINSTONE@BEDROCK.PARK.ON.CA";"personal";32
219;"FRED.FLINSTONE@BEDROCK.PARK.ON.CA";"work";37
220;"gt@bmo.com";"personal";63
221;"FRED.FLINSTONE@BEDROCK.PARK.ON.CA";"personal";67
222;"gt@bmo.com";"work";26
223;"gt@bmo.com";"work";46
224;"gt@bmo.com";"personal";64
225;"gt@bmo.com";"personal";33
226;"G.SINGER@BMO.GC.ON.CA";"work";82
227;"G.SINGER@BMO.GC.ON.CA";"work";29
228;"G.SINGER@BMO.GC.ON.CA";"work";46
229;"G.SINGER@BMO.GC.ON.CA";"work";82
230;"GOODY@HANMAIL.COM";"work";54
231;"FRED.FLINSTONE@BEDROCK.PARK.ON.CA";"personal";96
232;"gt@bmo.com";"personal";84
233;"gt@bmo.com";"work";83
234;"gt@bmo.com";"work";67
235;"gt@bmo.com";"personal";57
236;"gt@bmo.com";"personal";40
237;"gt@bmo.com";"work";97
238;"G.SINGER@BMO.GC.ON.CA";"personal";29
239;"G.SINGER@BMO.GC.ON.CA";"work";56
240;"G.SINGER@BMO.GC.ON.CA";"work";62
241;"FRED.FLINSTONE@BEDROCK.PARK.ON.CA";"work";28
242;"gt@bmo.com";"work";89
243;"gt@bmo.com";"personal";31
244;"gt@bmo.com";"work";63
245;"gt@bmo.com";"work";44
246;"gt@bmo.com";"personal";76
247;"gt@bmo.com";"work";98
248;"gt@bmo.com";"personal";86
249;"gt@bmo.com";"work";78
250;"G.SINGER@BMO.GC.ON.CA";"personal";93
251;"gt@bmo.com";"work";65
252;"FRED.FLINSTONE@BEDROCK.PARK.ON.CA";"work";51
253;"gt@bmo.com";"work";47
254;"GOODY@HANMAIL.COM";"personal";37
255;"GOODY@HANMAIL.COM";"work";50
256;"GORDANSINGER@GMAIL.COM";"personal";27
257;"GOODY@HANMAIL.COM";"work";52
258;"GOODY@HANMAIL.COM";"work";27
259;"G.SINGER@BMO.GC.ON.CA";"work";75
260;"G.SINGER@BMO.GC.ON.CA";"personal";52
261;"G.SINGER@BMO.GC.ON.CA";"personal";49
262;"G.SINGER@BMO.GC.ON.CA";"personal";83
263;"G.SINGER@BMO.GC.ON.CA";"personal";86
264;"GOODY@HANMAIL.COM";"work";41
265;"G.SINGER@BMO.GC.ON.CA";"work";31
266;"G.SINGER@BMO.GC.ON.CA";"work";70
267;"GOODY@HANMAIL.COM";"personal";29
268;"GOODY@HANMAIL.COM";"work";25
269;"G.SINGER@BMO.GC.ON.CA";"work";82
270;"G.SINGER@BMO.GC.ON.CA";"work";88
271;"GOODY@HANMAIL.COM";"personal";72
272;"GOODY@HANMAIL.COM";"personal";56
273;"GOODY@HANMAIL.COM";"work";42
274;"GORDANSINGER@GMAIL.COM";"personal";91
275;"G.SINGER@BMO.GC.ON.CA";"work";97
276;"G.SINGER@BMO.GC.ON.CA";"work";46
277;"G.SINGER@BMO.GC.ON.CA";"personal";80
278;"G.SINGER@BMO.GC.ON.CA";"personal";47
279;"G.SINGER@BMO.GC.ON.CA";"work";69
280;"G.SINGER@BMO.GC.ON.CA";"personal";94
281;"GOODY@HANMAIL.COM";"work";65
282;"GOODY@HANMAIL.COM";"work";98
283;"GOODY@HANMAIL.COM";"work";49
284;"GOODY@HANMAIL.COM";"personal";45
285;"GOODY@HANMAIL.COM";"work";95
286;"GOODY@HANMAIL.COM";"work";24
287;"G.SINGER@BMO.GC.ON.CA";"work";30
288;"G.SINGER@BMO.GC.ON.CA";"personal";47
289;"G.SINGER@BMO.GC.ON.CA";"work";97
290;"GORDANSINGER@GMAIL.COM";"work";90
291;"GORDANSINGER@HOTMAIL.COM";"work";30
292;"GORDANSINGER@HOTMAIL.COM";"work";28
293;"GORDANSINGER@HOTMAIL.COM";"personal";54
294;"GORDANSINGER@HOTMAIL.COM";"personal";60
295;"GORDANSINGER@HOTMAIL.COM";"personal";39
296;"GOODY@HANMAIL.COM";"personal";51
297;"GORDANSINGER@GMAIL.COM";"work";64
298;"GOODY@HANMAIL.COM";"work";31
299;"GORDANSINGER@GMAIL.COM";"personal";48
300;"GORDANSINGER@GMAIL.COM";"work";61
301;"GORDANSINGER@GMAIL.COM";"work";85
302;"GOODY@HANMAIL.COM";"work";82
303;"GORDANSINGER@GMAIL.COM";"work";54
304;"GORDANSINGER@GMAIL.COM";"work";84
305;"GORDANSINGER@GMAIL.COM";"work";33
306;"GORDANSINGER@GMAIL.COM";"personal";87
307;"GORDANSINGER@HOTMAIL.COM";"personal";52
308;"GOODY@HANMAIL.COM";"work";45
309;"GOODY@HANMAIL.COM";"work";57
310;"GORDANSINGER@GMAIL.COM";"personal";76
311;"GORDANSINGER@HOTMAIL.COM";"work";32
312;"GORDANSINGER@HOTMAIL.COM";"personal";82
313;"HANBOK@HOTMAIL.COM";"work";29
314;"G.SINGER@BMO.GC.ON.CA";"personal";50
315;"GOODY@HANMAIL.COM";"personal";40
316;"GOODY@HANMAIL.COM";"personal";96
317;"GOODY@HANMAIL.COM";"personal";91
318;"HANBOK@HOTMAIL.COM";"work";32
319;"HANBOK@HOTMAIL.COM";"work";27
320;"HANBOK@HOTMAIL.COM";"work";59
321;"HANBOK@HOTMAIL.COM";"personal";72
322;"GORDANSINGER@HOTMAIL.COM";"personal";40
323;"HANBOK@HOTMAIL.COM";"work";76
324;"HANBOK@HOTMAIL.COM";"work";32
325;"HANBOK@HOTMAIL.COM";"work";48
326;"HANBOK@HOTMAIL.COM";"work";74
327;"GORDANSINGER@GMAIL.COM";"work";52
328;"GORDANSINGER@HOTMAIL.COM";"work";44
329;"GORDANSINGER@HOTMAIL.COM";"work";65
330;"GORDANSINGER@HOTMAIL.COM";"personal";82
331;"GORDANSINGER@HOTMAIL.COM";"personal";89
332;"GORDANSINGER@GMAIL.COM";"work";76
333;"GORDANSINGER@HOTMAIL.COM";"work";64
334;"GORDANSINGER@HOTMAIL.COM";"work";46
335;"GORDANSINGER@HOTMAIL.COM";"work";62
336;"HANBOK@HOTMAIL.COM";"work";97
337;"HANBOK@HOTMAIL.COM";"work";47
338;"HANBOK@HOTMAIL.COM";"personal";97
339;"GORDANSINGER@HOTMAIL.COM";"personal";45
340;"GORDANSINGER@HOTMAIL.COM";"work";46
341;"HANBOK@HOTMAIL.COM";"work";60
342;"HANBOK@HOTMAIL.COM";"personal";74
343;"GORDANSINGER@HOTMAIL.COM";"personal";95
344;"GORDANSINGER@HOTMAIL.COM";"personal";68
345;"GORDANSINGER@HOTMAIL.COM";"work";70
346;"GORDANSINGER@HOTMAIL.COM";"personal";25
347;"GORDANSINGER@HOTMAIL.COM";"personal";70
348;"GORDANSINGER@HOTMAIL.COM";"work";75
349;"GORDANSINGER@HOTMAIL.COM";"personal";71
350;"GORDANSINGER@HOTMAIL.COM";"work";24
351;"HANBOK@HOTMAIL.COM";"personal";65
352;"HANBOK@HOTMAIL.COM";"work";60
353;"j@bmo.com";"personal";47
354;"j@bmo.com";"personal";43
355;"GORDANSINGER@GMAIL.COM";"personal";81
356;"GORDANSINGER@GMAIL.COM";"personal";49
357;"GORDANSINGER@GMAIL.COM";"personal";96
358;"GORDANSINGER@GMAIL.COM";"personal";24
359;"GORDANSINGER@GMAIL.COM";"work";30
360;"GORDANSINGER@HOTMAIL.COM";"work";78
361;"j@bmo.com";"work";79
362;"JORDAN.SINGER@YAHOO.COM";"work";62
363;"JORDAN.SINGER@YAHOO.COM";"work";66
364;"JORDAN.SINGER@YAHOO.COM";"personal";31
365;"JORDAN.SINGER@YAHOO.COM";"personal";56
366;"HANBOK@HOTMAIL.COM";"personal";35
367;"j@bmo.com";"work";24
368;"j@bmo.com";"personal";87
369;"j@bmo.com";"work";60
370;"j@bmo.com";"work";96
371;"j@bmo.com";"work";37
372;"JORDAN.SINGER@YAHOO.COM";"work";24
373;"JORDAN.SINGER@YAHOO.COM";"personal";58
374;"GORDANSINGER@HOTMAIL.COM";"work";93
375;"GORDANSINGER@HOTMAIL.COM";"personal";57
376;"GORDANSINGER@HOTMAIL.COM";"work";24
377;"HANBOK@HOTMAIL.COM";"personal";67
378;"HANBOK@HOTMAIL.COM";"personal";66
379;"HANBOK@HOTMAIL.COM";"work";79
380;"j@bmo.com";"personal";25
381;"j@bmo.com";"work";75
382;"j@bmo.com";"work";75
383;"j@bmo.com";"personal";75
384;"JORDAN.SINGER@YAHOO.COM";"work";65
385;"j@bmo.com";"work";26
386;"j@bmo.com";"personal";86
387;"HANBOK@HOTMAIL.COM";"personal";77
388;"HANBOK@HOTMAIL.COM";"personal";33
389;"HANBOK@HOTMAIL.COM";"work";72
390;"HANBOK@HOTMAIL.COM";"personal";50
391;"j@bmo.com";"personal";79
392;"JORDAN.SINGER@YAHOO.COM";"work";68
393;"GORDANSINGER@HOTMAIL.COM";"work";91
394;"GORDANSINGER@HOTMAIL.COM";"work";31
395;"HANBOK@HOTMAIL.COM";"work";79
396;"HANBOK@HOTMAIL.COM";"work";41
397;"JORDAN.SINGER@YAHOO.COM";"personal";23
398;"JORDAN.SINGER@YAHOO.COM";"personal";79
399;"kevin.laycraft@rogers.com";"work";50
400;"kevin.laycraft@rogers.com";"work";48
401;"NABI@NAVER.COM";"work";64
402;"NABI@NAVER.COM";"personal";52
403;"NABI@NAVER.COM";"work";32
404;"JORDAN.SINGER@YAHOO.COM";"work";60
405;"JORDAN.SINGER@YAHOO.COM";"personal";64
406;"kevin.laycraft@rogers.com";"personal";60
407;"kevin.laycraft@rogers.com";"work";38
408;"kevin.laycraft@rogers.com";"work";72
409;"kevin.laycraft@rogers.com";"work";66
410;"kevin.laycraft@rogers.com";"personal";62
411;"kevin.laycraft@rogers.com";"work";70
412;"kevin.laycraft@rogers.com";"personal";48
413;"HANBOK@HOTMAIL.COM";"personal";66
414;"j@bmo.com";"personal";28
415;"JORDAN.SINGER@YAHOO.COM";"work";52
416;"JORDAN.SINGER@YAHOO.COM";"personal";78
417;"kevin.laycraft@rogers.com";"work";24
418;"JORDAN.SINGER@YAHOO.COM";"work";89
419;"JORDAN.SINGER@YAHOO.COM";"work";22
420;"JORDAN.SINGER@YAHOO.COM";"work";27
421;"kevin.laycraft@rogers.com";"work";49
422;"kevin.laycraft@rogers.com";"work";30
423;"kevin.laycraft@rogers.com";"work";37
424;"JORDAN.SINGER@YAHOO.COM";"personal";59
425;"JORDAN.SINGER@YAHOO.COM";"work";97
426;"kevin.laycraft@rogers.com";"personal";70
427;"j@bmo.com";"personal";97
428;"JORDAN.SINGER@YAHOO.COM";"personal";29
429;"JORDAN.SINGER@YAHOO.COM";"work";88
430;"JORDAN.SINGER@YAHOO.COM";"personal";77
431;"kevin.laycraft@rogers.com";"personal";41
432;"kevin.laycraft@rogers.com";"work";99
433;"kevin.laycraft@rogers.com";"personal";64
434;"kevin.laycraft@rogers.com";"work";46
435;"HANBOK@HOTMAIL.COM";"work";81
436;"j@bmo.com";"personal";69
437;"j@bmo.com";"personal";56
438;"j@bmo.com";"personal";50
439;"NABI@NAVER.COM";"personal";85
440;"NABI@NAVER.COM";"personal";57
441;"pat.laycraft@hotmail.com";"work";55
442;"pat.laycraft@hotmail.com";"work";28
443;"JORDAN.SINGER@YAHOO.COM";"personal";37
444;"kevin.laycraft@rogers.com";"work";31
445;"kevin.laycraft@rogers.com";"work";93
446;"NABI@NAVER.COM";"personal";78
447;"kevin.laycraft@rogers.com";"work";59
448;"kevin.laycraft@rogers.com";"work";50
449;"kevin.laycraft@rogers.com";"work";78
450;"NABI@NAVER.COM";"work";32
451;"NABI@NAVER.COM";"work";41
452;"NABI@NAVER.COM";"personal";45
453;"pat.laycraft@hotmail.com";"work";67
454;"kevin.laycraft@rogers.com";"personal";89
455;"kevin.laycraft@rogers.com";"work";26
456;"kevin.laycraft@rogers.com";"work";40
457;"kevin.laycraft@rogers.com";"work";32
458;"NABI@NAVER.COM";"work";97
459;"NABI@NAVER.COM";"personal";39
460;"JORDAN.SINGER@YAHOO.COM";"work";75
461;"NABI@NAVER.COM";"personal";71
462;"NABI@NAVER.COM";"personal";64
463;"pat.laycraft@hotmail.com";"work";87
464;"pat.laycraft@hotmail.com";"personal";53
465;"pat.laycraft@hotmail.com";"work";84
466;"pat.laycraft@hotmail.com";"personal";81
467;"JORDAN.SINGER@YAHOO.COM";"work";53
468;"JORDAN.SINGER@YAHOO.COM";"work";80
469;"JORDAN.SINGER@YAHOO.COM";"personal";59
470;"JORDAN.SINGER@YAHOO.COM";"work";91
471;"JORDAN.SINGER@YAHOO.COM";"work";24
472;"kevin.laycraft@rogers.com";"work";57
473;"pat.laycraft@hotmail.com";"personal";36
474;"pat.laycraft@rogers.com";"work";65
475;"pat.laycraft@rogers.com";"work";41
476;"pat.laycraft@rogers.com";"work";85
477;"pat.laycraft@rogers.com";"work";57
478;"pat.laycraft@rogers.com";"work";36
479;"pat.laycraft@rogers.com";"work";74
480;"pat.laycraft@rogers.com";"personal";78
481;"pat.laycraft@rogers.com";"personal";82
482;"NABI@NAVER.COM";"personal";68
483;"NABI@NAVER.COM";"personal";38
484;"NABI@NAVER.COM";"work";41
485;"pat.laycraft@hotmail.com";"personal";60
486;"pat.laycraft@hotmail.com";"personal";94
487;"pat.laycraft@hotmail.com";"personal";63
488;"pat.laycraft@hotmail.com";"personal";55
489;"NABI@NAVER.COM";"work";88
490;"NABI@NAVER.COM";"personal";56
491;"NABI@NAVER.COM";"personal";91
492;"pat.laycraft@hotmail.com";"personal";72
493;"NABI@NAVER.COM";"personal";35
494;"NABI@NAVER.COM";"work";24
495;"NABI@NAVER.COM";"work";72
496;"NABI@NAVER.COM";"personal";89
497;"NABI@NAVER.COM";"personal";89
498;"NABI@NAVER.COM";"personal";42
499;"NABI@NAVER.COM";"personal";99
500;"NABI@NAVER.COM";"work";39
501;"pat.laycraft@hotmail.com";"personal";73
502;"pat.laycraft@hotmail.com";"work";55
503;"pat.laycraft@hotmail.com";"work";83
504;"pat.laycraft@hotmail.com";"personal";38
505;"pat.laycraft@rogers.com";"work";35
506;"kevin.laycraft@rogers.com";"personal";90
507;"NABI@NAVER.COM";"work";62
508;"pat.laycraft@rogers.com";"work";30
509;"pat.laycraft@rogers.com";"personal";29
510;"PIRI3@YAHOO.COM";"personal";71
511;"PIRI58@HOTMAIL.COM";"personal";67
512;"PIRI3@YAHOO.COM";"personal";59
513;"PIRI3@YAHOO.COM";"personal";35
514;"PIRI3@YAHOO.COM";"work";22
515;"pat.laycraft@rogers.com";"work";84
516;"pat.laycraft@rogers.com";"work";23
517;"pat.laycraft@hotmail.com";"personal";92
518;"pat.laycraft@rogers.com";"personal";85
519;"pat.laycraft@rogers.com";"personal";63
520;"pat.laycraft@rogers.com";"work";94
521;"pat.laycraft@hotmail.com";"personal";84
522;"pat.laycraft@rogers.com";"work";44
523;"pat.laycraft@rogers.com";"personal";85
524;"pat.laycraft@rogers.com";"work";76
525;"pat.laycraft@rogers.com";"work";55
526;"pat.laycraft@rogers.com";"personal";88
527;"pat.laycraft@rogers.com";"work";74
528;"PIRI3@YAHOO.COM";"work";82
529;"PIRI3@YAHOO.COM";"personal";69
530;"PIRI3@YAHOO.COM";"personal";55
531;"NABI@NAVER.COM";"personal";37
532;"NABI@NAVER.COM";"personal";86
533;"pat.laycraft@hotmail.com";"personal";68
534;"pat.laycraft@hotmail.com";"personal";83
535;"pat.laycraft@hotmail.com";"work";40
536;"PIRI58@HOTMAIL.COM";"work";46
537;"PIRI58@HOTMAIL.COM";"work";22
538;"PIRI58@HOTMAIL.COM";"personal";35
539;"PIRI58@HOTMAIL.COM";"work";75
540;"PIRI7@DAUM.COM";"personal";71
541;"PIRI7@DAUM.COM";"work";91
542;"PIRI7@DAUM.COM";"work";47
543;"PIRI3@YAHOO.COM";"personal";87
544;"PIRI3@YAHOO.COM";"personal";38
545;"PIRI3@YAHOO.COM";"personal";33
546;"PIRI3@YAHOO.COM";"personal";56
547;"PIRI3@YAHOO.COM";"work";36
548;"PIRI58@HOTMAIL.COM";"personal";98
549;"PIRI3@YAHOO.COM";"personal";43
550;"PIRI3@YAHOO.COM";"work";84
551;"PIRI3@YAHOO.COM";"personal";42
552;"PIRI3@YAHOO.COM";"work";27
553;"PIRI3@YAHOO.COM";"personal";53
554;"PIRI3@YAHOO.COM";"work";39
555;"PIRI3@YAHOO.COM";"personal";73
556;"PIRI3@YAHOO.COM";"personal";40
557;"PIRI3@YAHOO.COM";"personal";95
558;"pat.laycraft@rogers.com";"personal";91
559;"PIRI3@YAHOO.COM";"personal";75
560;"PIRI3@YAHOO.COM";"work";93
561;"PIRI3@YAHOO.COM";"personal";29
562;"PIRI58@HOTMAIL.COM";"personal";93
563;"PIRI58@HOTMAIL.COM";"work";51
564;"PIRI58@HOTMAIL.COM";"personal";37
565;"PIRI58@HOTMAIL.COM";"personal";37
566;"pat.laycraft@hotmail.com";"work";87
567;"pat.laycraft@rogers.com";"work";45
568;"pat.laycraft@rogers.com";"work";92
569;"pat.laycraft@rogers.com";"work";26
570;"PIRI9@HOTMAIL.COM";"personal";59
571;"PIRI9@HOTMAIL.COM";"work";95
572;"PIRI9@HOTMAIL.COM";"work";90
573;"PIRI7@DAUM.COM";"work";36
574;"PIRI7@DAUM.COM";"work";25
575;"PIRI7@DAUM.COM";"work";86
576;"PIRI7@DAUM.COM";"work";78
577;"PIRI58@HOTMAIL.COM";"work";41
578;"PIRI7@DAUM.COM";"personal";40
579;"PIRI7@DAUM.COM";"work";52
580;"PIRI58@HOTMAIL.COM";"personal";80
581;"PIRI58@HOTMAIL.COM";"personal";96
582;"PIRI7@DAUM.COM";"personal";81
583;"PIRI7@DAUM.COM";"personal";93
584;"PIRI7@DAUM.COM";"work";25
585;"PIRI58@HOTMAIL.COM";"personal";79
586;"PIRI58@HOTMAIL.COM";"work";81
587;"PIRI58@HOTMAIL.COM";"personal";36
588;"PIRI58@HOTMAIL.COM";"personal";86
589;"PIRI58@HOTMAIL.COM";"work";30
590;"PIRI58@HOTMAIL.COM";"work";96
591;"PIRI58@HOTMAIL.COM";"personal";83
592;"PIRI7@DAUM.COM";"personal";57
593;"PIRI7@DAUM.COM";"work";65
594;"PIRI9@HOTMAIL.COM";"personal";52
595;"PIRI9@HOTMAIL.COM";"personal";94
596;"PIRI9@HOTMAIL.COM";"work";86
597;"PIRI9@HOTMAIL.COM";"personal";43
598;"PIRI9@HOTMAIL.COM";"work";56
599;"PIRI3@YAHOO.COM";"work";49
600;"PIRI3@YAHOO.COM";"work";94
601;"PIRI3@YAHOO.COM";"work";27
602;"PIRI3@YAHOO.COM";"work";27
603;"PIRI58@HOTMAIL.COM";"personal";84
604;"PU@DD.NET";"personal";94
605;"PU@DD.NET";"work";50
606;"rlaycraft@bell.net";"personal";78
607;"rlaycraft@bell.net";"personal";98
608;"PU@DD.NET";"work";99
609;"PU@DD.NET";"work";32
610;"PU@DD.NET";"personal";47
611;"PIRI9@HOTMAIL.COM";"personal";98
612;"PIRI9@HOTMAIL.COM";"work";71
613;"PU@DD.NET";"personal";97
614;"PU@DD.NET";"personal";34
615;"PU@DD.NET";"work";77
616;"PIRI9@HOTMAIL.COM";"work";56
617;"PIRI9@HOTMAIL.COM";"work";90
618;"PIRI9@HOTMAIL.COM";"work";77
619;"PIRI9@HOTMAIL.COM";"work";73
620;"PIRI9@HOTMAIL.COM";"work";47
621;"PIRI9@HOTMAIL.COM";"personal";55
622;"PIRI9@HOTMAIL.COM";"work";82
623;"PU@DD.NET";"personal";35
624;"PU@DD.NET";"work";85
625;"PU@DD.NET";"work";43
626;"PIRI9@HOTMAIL.COM";"personal";40
627;"PU@DD.NET";"work";26
628;"PU@DD.NET";"personal";89
629;"PU@DD.NET";"work";36
630;"PU@DD.NET";"personal";59
631;"PIRI7@DAUM.COM";"work";95
632;"PIRI9@HOTMAIL.COM";"work";46
633;"PU@DD.NET";"personal";40
634;"PU@DD.NET";"personal";47
635;"PU@DD.NET";"work";33
636;"rlaycraft@bell.net";"work";92
637;"rlaycraft@bell.net";"personal";75
638;"PIRI58@HOTMAIL.COM";"personal";90
639;"PIRI58@HOTMAIL.COM";"work";70
640;"PIRI58@HOTMAIL.COM";"personal";65
641;"PIRI7@DAUM.COM";"personal";71
642;"PIRI7@DAUM.COM";"personal";79
643;"PIRI7@DAUM.COM";"personal";46
644;"PIRI7@DAUM.COM";"work";44
645;"rlaycraft@bell.net";"work";72
646;"ross.laycraft@bmo.com";"work";56
647;"ross.laycraft@bmo.com";"personal";38
648;"ross.laycraft@bmo.com";"work";84
649;"ross.laycraft@bmo.com";"work";82
650;"rlaycraft@bell.net";"work";26
651;"rlaycraft@bell.net";"personal";69
652;"rlaycraft@bell.net";"personal";26
653;"rlaycraft@bell.net";"personal";86
654;"rlaycraft@bell.net";"work";52
655;"rlaycraft@bell.net";"personal";58
656;"rlaycraft@bell.net";"personal";90
657;"rlaycraft@bell.net";"work";78
658;"rlaycraft@bell.net";"personal";32
659;"PU@DD.NET";"personal";31
660;"PU@DD.NET";"personal";71
661;"PU@DD.NET";"work";35
662;"PU@DD.NET";"personal";90
663;"rlaycraft@bell.net";"work";50
664;"rlaycraft@bell.net";"personal";74
665;"PU@DD.NET";"work";42
666;"rlaycraft@bell.net";"work";24
667;"rlaycraft@bell.net";"personal";89
668;"rlaycraft@bell.net";"work";72
669;"rlaycraft@bell.net";"personal";61
670;"rlaycraft@bell.net";"work";86
671;"rlaycraft@bell.net";"work";59
672;"rlaycraft@bell.net";"personal";53
673;"rlaycraft@bell.net";"work";64
674;"ross.laycraft@bmo.com";"work";24
675;"ross.laycraft@bmo.com";"personal";79
676;"PU@DD.NET";"personal";80
677;"PU@DD.NET";"personal";58
678;"PU@DD.NET";"personal";33
679;"PU@DD.NET";"work";79
680;"rlaycraft@bell.net";"personal";45
681;"ross.laycraft@bmo.com";"work";55
682;"ross.laycraft@bmo.com";"personal";27
683;"ross.laycraft@bmo.com";"personal";29
684;"PIRI7@DAUM.COM";"work";45
685;"PIRI9@HOTMAIL.COM";"work";36
686;"PIRI9@HOTMAIL.COM";"personal";68
687;"PIRI9@HOTMAIL.COM";"personal";88
688;"PIRI9@HOTMAIL.COM";"personal";32
689;"ross.laycraft@sympatico.ca";"work";66
690;"ross.laycraft@sympatico.ca";"personal";38
691;"ross.laycraft@sympatico.ca";"personal";46
692;"ross.laycraft@sympatico.ca";"personal";92
693;"ross.laycraft@sympatico.ca";"personal";27
694;"ross.laycraft@sympatico.ca";"work";98
695;"ross.laycraft@sympatico.ca";"work";39
696;"rlaycraft@bell.net";"personal";34
697;"rlaycraft@bell.net";"personal";26
698;"ross.laycraft@bmo.com";"personal";71
699;"ross.laycraft@bmo.com";"work";97
700;"ross.laycraft@sympatico.ca";"work";88
701;"ross.laycraft@sympatico.ca";"personal";46
702;"ross.laycraft@bmo.com";"personal";25
703;"ross.laycraft@bmo.com";"work";60
704;"rlaycraft@bell.net";"personal";95
705;"ross.laycraft@bmo.com";"work";94
706;"ross.laycraft@bmo.com";"work";71
707;"ross.laycraft@sympatico.ca";"work";29
708;"ross.laycraft@sympatico.ca";"work";56
709;"ross.laycraft@sympatico.ca";"personal";72
710;"st@bmo.com";"personal";72
711;"rlaycraft@bell.net";"personal";64
712;"rlaycraft@bell.net";"personal";61
713;"ross.laycraft@bmo.com";"personal";40
714;"ross.laycraft@bmo.com";"personal";27
715;"ross.laycraft@sympatico.ca";"personal";96
716;"ross.laycraft@sympatico.ca";"work";30
717;"ross.laycraft@sympatico.ca";"work";74
718;"st@bmo.com";"work";78
719;"PU@DD.NET";"work";46
720;"rlaycraft@bell.net";"personal";54
721;"rlaycraft@bell.net";"personal";90
722;"rlaycraft@bell.net";"work";90
723;"rlaycraft@bell.net";"work";93
724;"rlaycraft@bell.net";"work";71
725;"rlaycraft@bell.net";"personal";61
726;"st@bmo.com";"work";51
727;"st@bmo.com";"work";84
728;"SIMON.AZAR@BMO.COM";"work";41
729;"st@bmo.com";"work";23
730;"st@bmo.com";"work";25
731;"SIMON.AZAR@BMO.COM";"personal";94
732;"ross.laycraft@sympatico.ca";"work";90
733;"st@bmo.com";"work";23
734;"st@bmo.com";"work";93
735;"SIMON.AZAR@BMO.COM";"work";23
736;"ross.laycraft@sympatico.ca";"work";91
737;"ross.laycraft@sympatico.ca";"personal";56
738;"ross.laycraft@sympatico.ca";"work";71
739;"ross.laycraft@sympatico.ca";"work";95
740;"st@bmo.com";"personal";86
741;"st@bmo.com";"work";47
742;"st@bmo.com";"work";97
743;"SIMON.AZAR@BMO.COM";"personal";39
744;"ross.laycraft@sympatico.ca";"work";38
745;"ross.laycraft@sympatico.ca";"work";37
746;"st@bmo.com";"personal";42
747;"st@bmo.com";"work";27
748;"SIMON.AZAR@BMO.COM";"work";31
749;"SIMON.AZAR@BMO.COM";"personal";98
750;"SIMON.AZAR@BMO.COM";"work";54
751;"SIMON.AZAR@BMO.COM";"work";94
752;"SIMON.AZAR@BMO.COM";"personal";79
753;"SIMON.AZAR@BMO.COM";"personal";54
754;"rlaycraft@bell.net";"personal";68
755;"ross.laycraft@bmo.com";"work";70
756;"ross.laycraft@bmo.com";"personal";82
757;"ross.laycraft@bmo.com";"work";40
758;"ross.laycraft@sympatico.ca";"personal";75
759;"ross.laycraft@sympatico.ca";"work";43
760;"SIMON.AZAR@BMO.COM";"personal";60
761;"SIMON.AZAR@BMO.COM";"work";50
762;"SIMON.AZAR@BMO.COM";"personal";54
763;"SIMON.AZAR@BMO.COM";"personal";91
764;"SIMON.AZAR@BMO.COM";"work";63
765;"SIMON.AZAR@BMO.COM";"work";36
766;"SIMON.AZAR@BMO.COM";"personal";65
767;"SIMON.AZAR@BMO.COM";"personal";36
768;"SIMON.AZAR@BMO.COM";"personal";96
769;"st@bmo.com";"work";65
770;"SIMON.AZAR@BMO.COM";"work";64
771;"st@bmo.com";"personal";91
772;"st@bmo.com";"work";44
773;"SIMON.AZAR@BMO.COM";"work";97
774;"SIMON.AZAR@BMO.COM";"work";58
775;"SIMON.AZAR@BMO.COM";"work";91
776;"SIMON.AZAR@BMO.COM";"personal";37
777;"SIMON.AZAR@BMO.COM";"personal";42
778;"ross.laycraft@sympatico.ca";"personal";55
779;"ross.laycraft@sympatico.ca";"personal";74
780;"ross.laycraft@sympatico.ca";"work";40
781;"st@bmo.com";"work";72
782;"st@bmo.com";"personal";56
783;"SIMON.AZAR@BMO.COM";"work";34
784;"SIMON.AZAR@BMO.COM";"work";98
785;"st@bmo.com";"work";97
786;"SIMON.AZAR@BMO.COM";"work";71
787;"SIMON.AZAR@BMO.COM";"work";79
788;"SIMON.AZAR@BMO.COM";"personal";27
789;"SIMON.AZAR@BMO.COM";"personal";55
790;"SIMON.AZAR@BMO.COM";"personal";43
791;"SIMON.AZAR@BMO.COM";"personal";24
792;"SIMON.AZAR@BMO.COM";"work";46
793;"ab@abc.com";"work";47
794;"ab@abc.com";"personal";90
795;"ab@abc.com";"personal";99
796;"abc@efg.com";"personal";86
797;"abc@efg.com";"work";52
798;"ashley.laycraft@hotmail.com";"work";63
799;"ashley.laycraft@hotmail.com";"personal";31
800;"B.RUBBLE@TELUS.NET";"work";77
801;"B.RUBBLE@TELUS.NET";"work";92
802;"eee@bmo.com";"personal";26
803;"FRED.FLINSTONE@BEDROCK.PARK.ON.CA";"work";86
804;"FRED.FLINSTONE@BEDROCK.PARK.ON.CA";"personal";90
805;"FRED.FLINSTONE@BEDROCK.PARK.ON.CA";"work";61
806;"FRED.FLINSTONE@BEDROCK.PARK.ON.CA";"work";80
807;"FRED.FLINSTONE@BEDROCK.PARK.ON.CA";"work";60
808;"FRED.FLINSTONE@BEDROCK.PARK.ON.CA";"personal";97
809;"ab@abc.com";"personal";64
810;"ab@abc.com";"personal";81
811;"abc@efg.com";"work";72
812;"abc@efg.com";"personal";63
813;"abc@efg.com";"personal";48
814;"ashley.laycraft@hotmail.com";"work";53
815;"ab@abc.com";"work";33
816;"ab@abc.com";"personal";84
817;"ab@abc.com";"work";67
818;"B.RUBBLE@TELUS.NET";"personal";87
819;"B.RUBBLE@TELUS.NET";"personal";65
820;"eee@bmo.com";"work";85
821;"abc@efg.com";"personal";96
822;"abc@efg.com";"personal";31
823;"abc@efg.com";"personal";94
824;"FRED.FLINSTONE@BEDROCK.PARK.ON.CA";"work";83
825;"ashley.laycraft@hotmail.com";"personal";60
826;"ashley.laycraft@hotmail.com";"work";53
827;"ashley.laycraft@hotmail.com";"personal";73
828;"ashley.laycraft@hotmail.com";"personal";83
829;"eee@bmo.com";"work";56
830;"eee@bmo.com";"work";78
831;"eee@bmo.com";"personal";43
832;"gt@bmo.com";"personal";43
833;"gt@bmo.com";"personal";61
834;"gt@bmo.com";"personal";93
835;"G.SINGER@BMO.GC.ON.CA";"personal";40
836;"gt@bmo.com";"work";26
837;"gt@bmo.com";"personal";80
838;"G.SINGER@BMO.GC.ON.CA";"work";50
839;"G.SINGER@BMO.GC.ON.CA";"work";32
840;"gt@bmo.com";"work";70
841;"gt@bmo.com";"work";74
842;"gt@bmo.com";"personal";75
843;"gt@bmo.com";"personal";79
844;"G.SINGER@BMO.GC.ON.CA";"personal";95
845;"G.SINGER@BMO.GC.ON.CA";"work";28
846;"GOODY@HANMAIL.COM";"work";67
847;"GOODY@HANMAIL.COM";"personal";95
848;"GOODY@HANMAIL.COM";"work";45
849;"GOODY@HANMAIL.COM";"personal";87
850;"GORDANSINGER@GMAIL.COM";"personal";58
851;"G.SINGER@BMO.GC.ON.CA";"work";68
852;"G.SINGER@BMO.GC.ON.CA";"personal";71
853;"GOODY@HANMAIL.COM";"work";67
854;"GOODY@HANMAIL.COM";"work";65
855;"GORDANSINGER@GMAIL.COM";"work";69
856;"G.SINGER@BMO.GC.ON.CA";"work";56
857;"GOODY@HANMAIL.COM";"personal";28
858;"GORDANSINGER@GMAIL.COM";"work";61
859;"GORDANSINGER@GMAIL.COM";"work";85
860;"GORDANSINGER@GMAIL.COM";"work";39
861;"GORDANSINGER@GMAIL.COM";"work";74
862;"GORDANSINGER@HOTMAIL.COM";"work";23
863;"GORDANSINGER@HOTMAIL.COM";"personal";71
864;"GOODY@HANMAIL.COM";"work";37
865;"GOODY@HANMAIL.COM";"work";29
866;"GORDANSINGER@GMAIL.COM";"personal";66
867;"GORDANSINGER@GMAIL.COM";"work";59
868;"GORDANSINGER@GMAIL.COM";"personal";66
869;"GORDANSINGER@GMAIL.COM";"personal";68
870;"GORDANSINGER@GMAIL.COM";"personal";67
871;"j@bmo.com";"personal";45
872;"j@bmo.com";"personal";64
873;"ab@abc.com";"personal";24
874;"abc@efg.com";"work";63
875;"abc@efg.com";"work";93
876;"abc@efg.com";"personal";26
877;"GORDANSINGER@HOTMAIL.COM";"personal";68
878;"HANBOK@HOTMAIL.COM";"personal";78
879;"HANBOK@HOTMAIL.COM";"personal";86
880;"HANBOK@HOTMAIL.COM";"personal";88
881;"HANBOK@HOTMAIL.COM";"personal";34
882;"HANBOK@HOTMAIL.COM";"personal";95
883;"GORDANSINGER@GMAIL.COM";"work";89
884;"GORDANSINGER@HOTMAIL.COM";"work";43
885;"GORDANSINGER@HOTMAIL.COM";"personal";52
886;"GORDANSINGER@HOTMAIL.COM";"personal";22
887;"HANBOK@HOTMAIL.COM";"personal";78
888;"j@bmo.com";"personal";98
889;"j@bmo.com";"personal";38
890;"j@bmo.com";"personal";28
891;"JORDAN.SINGER@YAHOO.COM";"personal";41
892;"B.RUBBLE@TELUS.NET";"work";60
893;"B.RUBBLE@TELUS.NET";"personal";42
894;"j@bmo.com";"work";33
895;"j@bmo.com";"personal";30
896;"j@bmo.com";"work";34
897;"j@bmo.com";"personal";52
898;"JORDAN.SINGER@YAHOO.COM";"personal";28
899;"HANBOK@HOTMAIL.COM";"work";25
900;"j@bmo.com";"personal";32
901;"j@bmo.com";"work";46
902;"kevin.laycraft@rogers.com";"work";39
903;"kevin.laycraft@rogers.com";"personal";35
904;"kevin.laycraft@rogers.com";"work";40
905;"B.RUBBLE@TELUS.NET";"work";24
906;"B.RUBBLE@TELUS.NET";"work";55
907;"B.RUBBLE@TELUS.NET";"work";68
908;"eee@bmo.com";"work";97
909;"eee@bmo.com";"personal";64
910;"JORDAN.SINGER@YAHOO.COM";"work";80
911;"JORDAN.SINGER@YAHOO.COM";"work";69
912;"JORDAN.SINGER@YAHOO.COM";"work";92
913;"kevin.laycraft@rogers.com";"personal";30
914;"NABI@NAVER.COM";"work";68
915;"j@bmo.com";"personal";34
916;"JORDAN.SINGER@YAHOO.COM";"work";51
917;"JORDAN.SINGER@YAHOO.COM";"personal";96
918;"NABI@NAVER.COM";"personal";89
919;"NABI@NAVER.COM";"personal";43
920;"pat.laycraft@hotmail.com";"work";34
921;"pat.laycraft@hotmail.com";"personal";36
922;"FRED.FLINSTONE@BEDROCK.PARK.ON.CA";"personal";34
923;"gt@bmo.com";"personal";89
924;"NABI@NAVER.COM";"personal";45
925;"NABI@NAVER.COM";"personal";56
926;"pat.laycraft@hotmail.com";"work";59
927;"kevin.laycraft@rogers.com";"personal";76
928;"kevin.laycraft@rogers.com";"work";82
929;"kevin.laycraft@rogers.com";"work";47
930;"kevin.laycraft@rogers.com";"work";84
931;"kevin.laycraft@rogers.com";"personal";89
932;"NABI@NAVER.COM";"personal";41
933;"NABI@NAVER.COM";"work";89
934;"pat.laycraft@hotmail.com";"work";55
935;"pat.laycraft@hotmail.com";"personal";88
936;"pat.laycraft@hotmail.com";"personal";30
937;"pat.laycraft@rogers.com";"personal";56
938;"pat.laycraft@hotmail.com";"work";99
939;"pat.laycraft@hotmail.com";"work";97
940;"pat.laycraft@hotmail.com";"personal";97
941;"pat.laycraft@rogers.com";"work";88
942;"pat.laycraft@rogers.com";"work";69
943;"NABI@NAVER.COM";"work";89
944;"NABI@NAVER.COM";"personal";78
945;"NABI@NAVER.COM";"personal";70
946;"pat.laycraft@hotmail.com";"personal";63
947;"pat.laycraft@hotmail.com";"work";50
948;"PIRI3@YAHOO.COM";"personal";43
949;"PIRI3@YAHOO.COM";"personal";72
950;"PIRI58@HOTMAIL.COM";"personal";37
951;"PIRI58@HOTMAIL.COM";"work";89
952;"PIRI58@HOTMAIL.COM";"personal";58
953;"PIRI58@HOTMAIL.COM";"work";82
954;"PIRI58@HOTMAIL.COM";"work";74
955;"PIRI3@YAHOO.COM";"work";94
956;"PIRI3@YAHOO.COM";"personal";61
957;"PIRI3@YAHOO.COM";"work";87
958;"PIRI3@YAHOO.COM";"work";79
959;"PIRI3@YAHOO.COM";"personal";90
960;"pat.laycraft@rogers.com";"work";55
961;"pat.laycraft@rogers.com";"personal";53
962;"pat.laycraft@rogers.com";"work";40
963;"pat.laycraft@rogers.com";"work";67
964;"PIRI58@HOTMAIL.COM";"personal";22
965;"PIRI58@HOTMAIL.COM";"work";33
966;"PIRI7@DAUM.COM";"work";53
967;"PIRI7@DAUM.COM";"work";81
968;"PIRI7@DAUM.COM";"work";39
969;"PIRI9@HOTMAIL.COM";"work";70
970;"PIRI58@HOTMAIL.COM";"work";37
971;"PIRI7@DAUM.COM";"personal";39
972;"PIRI3@YAHOO.COM";"work";50
973;"PIRI3@YAHOO.COM";"personal";94
974;"PIRI58@HOTMAIL.COM";"personal";25
975;"PIRI9@HOTMAIL.COM";"personal";39
976;"PU@DD.NET";"work";36
977;"PU@DD.NET";"personal";45
978;"PIRI9@HOTMAIL.COM";"work";47
979;"PIRI58@HOTMAIL.COM";"work";76
980;"PIRI7@DAUM.COM";"personal";81
981;"PIRI7@DAUM.COM";"personal";96
982;"PIRI7@DAUM.COM";"personal";65
983;"PIRI7@DAUM.COM";"work";98
984;"PIRI7@DAUM.COM";"personal";97
985;"PU@DD.NET";"work";61
986;"PU@DD.NET";"work";44
987;"PU@DD.NET";"work";52
988;"rlaycraft@bell.net";"personal";87
989;"PIRI9@HOTMAIL.COM";"work";81
990;"PU@DD.NET";"work";88
991;"PU@DD.NET";"work";82
992;"PU@DD.NET";"work";95
993;"rlaycraft@bell.net";"work";94
994;"PIRI9@HOTMAIL.COM";"work";81
995;"ross.laycraft@bmo.com";"work";87
996;"ross.laycraft@bmo.com";"work";87
997;"ross.laycraft@bmo.com";"work";42
998;"ross.laycraft@sympatico.ca";"work";38
999;"ross.laycraft@sympatico.ca";"work";82
1000;"ross.laycraft@sympatico.ca";"personal";27
1001;"rlaycraft@bell.net";"personal";85
1002;"ross.laycraft@bmo.com";"personal";28
1003;"ross.laycraft@bmo.com";"work";91
1004;"PU@DD.NET";"personal";44
1005;"rlaycraft@bell.net";"personal";22
1006;"rlaycraft@bell.net";"personal";49
1007;"ross.laycraft@sympatico.ca";"personal";76
1008;"ross.laycraft@sympatico.ca";"work";67
1009;"st@bmo.com";"work";80
1010;"st@bmo.com";"work";88
1011;"st@bmo.com";"personal";24
1012;"st@bmo.com";"work";88
1013;"ross.laycraft@sympatico.ca";"personal";78
1014;"ross.laycraft@sympatico.ca";"personal";80
1015;"ross.laycraft@sympatico.ca";"work";42
1016;"ross.laycraft@sympatico.ca";"work";28
1017;"st@bmo.com";"personal";93
1018;"st@bmo.com";"work";31
1019;"st@bmo.com";"personal";35
1020;"ross.laycraft@bmo.com";"work";78
1021;"ross.laycraft@bmo.com";"work";55
1022;"ross.laycraft@bmo.com";"personal";76
1023;"ross.laycraft@bmo.com";"personal";66
1024;"ross.laycraft@sympatico.ca";"personal";60
1025;"ross.laycraft@sympatico.ca";"personal";47
1026;"st@bmo.com";"personal";55
1027;"st@bmo.com";"work";62
1028;"st@bmo.com";"work";47
1029;"SIMON.AZAR@BMO.COM";"personal";87
1030;"SIMON.AZAR@BMO.COM";"personal";69
1031;"SIMON.AZAR@BMO.COM";"work";72
1032;"SIMON.AZAR@BMO.COM";"personal";54
1033;"SIMON.AZAR@BMO.COM";"personal";56
1034;"st@bmo.com";"personal";64
1035;"st@bmo.com";"work";27
1036;"st@bmo.com";"work";56
1037;"ab@abc.com";"personal";51
1038;"ab@abc.com";"work";36
1039;"ab@abc.com";"work";91
1040;"ab@abc.com";"personal";50
1041;"abc@efg.com";"personal";81
1042;"ross.laycraft@sympatico.ca";"work";27
1043;"st@bmo.com";"personal";32
1044;"st@bmo.com";"work";69
1045;"SIMON.AZAR@BMO.COM";"personal";55
1046;"SIMON.AZAR@BMO.COM";"personal";71
1047;"SIMON.AZAR@BMO.COM";"personal";86
1048;"ashley.laycraft@hotmail.com";"personal";47
1049;"ashley.laycraft@hotmail.com";"personal";90
1050;"B.RUBBLE@TELUS.NET";"work";67
1051;"SIMON.AZAR@BMO.COM";"personal";52
1052;"B.RUBBLE@TELUS.NET";"personal";28
1053;"B.RUBBLE@TELUS.NET";"personal";45
1054;"eee@bmo.com";"personal";89
1055;"eee@bmo.com";"personal";73
1056;"eee@bmo.com";"work";42
1057;"eee@bmo.com";"personal";52
1058;"G.SINGER@BMO.GC.ON.CA";"work";82
1059;"FRED.FLINSTONE@BEDROCK.PARK.ON.CA";"work";29
1060;"FRED.FLINSTONE@BEDROCK.PARK.ON.CA";"personal";95
1061;"FRED.FLINSTONE@BEDROCK.PARK.ON.CA";"personal";47
1062;"G.SINGER@BMO.GC.ON.CA";"work";81
1063;"GOODY@HANMAIL.COM";"personal";33
1064;"GOODY@HANMAIL.COM";"personal";22
1065;"GOODY@HANMAIL.COM";"work";51
1066;"GOODY@HANMAIL.COM";"work";36
1067;"GORDANSINGER@GMAIL.COM";"work";81
1068;"GORDANSINGER@GMAIL.COM";"work";88
1069;"G.SINGER@BMO.GC.ON.CA";"work";77
1070;"G.SINGER@BMO.GC.ON.CA";"work";44
1071;"GOODY@HANMAIL.COM";"work";48
1072;"GORDANSINGER@GMAIL.COM";"personal";95
1073;"GORDANSINGER@GMAIL.COM";"work";76
1074;"GORDANSINGER@HOTMAIL.COM";"work";81
1075;"GORDANSINGER@HOTMAIL.COM";"personal";97
1076;"GORDANSINGER@HOTMAIL.COM";"work";91
1077;"GOODY@HANMAIL.COM";"personal";61
1078;"GOODY@HANMAIL.COM";"personal";90
1079;"GORDANSINGER@GMAIL.COM";"personal";60
1080;"GORDANSINGER@HOTMAIL.COM";"personal";32
1081;"HANBOK@HOTMAIL.COM";"personal";86
1082;"HANBOK@HOTMAIL.COM";"work";30
1083;"HANBOK@HOTMAIL.COM";"work";78
1084;"j@bmo.com";"work";26
1085;"j@bmo.com";"personal";46
1086;"GORDANSINGER@HOTMAIL.COM";"personal";61
1087;"GORDANSINGER@HOTMAIL.COM";"work";22
1088;"ab@abc.com";"personal";48
1089;"j@bmo.com";"work";66
1090;"j@bmo.com";"personal";66
1091;"j@bmo.com";"personal";90
1092;"JORDAN.SINGER@YAHOO.COM";"personal";91
1093;"HANBOK@HOTMAIL.COM";"personal";38
1094;"HANBOK@HOTMAIL.COM";"personal";25
1095;"HANBOK@HOTMAIL.COM";"personal";60
1096;"j@bmo.com";"personal";53
1097;"j@bmo.com";"work";38
1098;"abc@efg.com";"personal";22
1099;"abc@efg.com";"personal";30
1100;"ashley.laycraft@hotmail.com";"work";80
1101;"JORDAN.SINGER@YAHOO.COM";"personal";47
1102;"JORDAN.SINGER@YAHOO.COM";"work";50
1103;"JORDAN.SINGER@YAHOO.COM";"personal";81
1104;"JORDAN.SINGER@YAHOO.COM";"personal";58
1105;"kevin.laycraft@rogers.com";"work";75
1106;"kevin.laycraft@rogers.com";"personal";50
1107;"kevin.laycraft@rogers.com";"personal";99
1108;"j@bmo.com";"personal";34
1109;"j@bmo.com";"personal";67
1110;"JORDAN.SINGER@YAHOO.COM";"work";82
1111;"JORDAN.SINGER@YAHOO.COM";"work";31
1112;"JORDAN.SINGER@YAHOO.COM";"personal";69
1113;"JORDAN.SINGER@YAHOO.COM";"work";29
1114;"B.RUBBLE@TELUS.NET";"work";97
1115;"B.RUBBLE@TELUS.NET";"work";70
1116;"B.RUBBLE@TELUS.NET";"work";87
1117;"B.RUBBLE@TELUS.NET";"personal";37
1118;"NABI@NAVER.COM";"work";25
1119;"NABI@NAVER.COM";"work";54
1120;"JORDAN.SINGER@YAHOO.COM";"personal";53
1121;"JORDAN.SINGER@YAHOO.COM";"work";41
1122;"kevin.laycraft@rogers.com";"personal";67
1123;"kevin.laycraft@rogers.com";"personal";42
1124;"eee@bmo.com";"personal";85
1125;"eee@bmo.com";"work";47
1126;"eee@bmo.com";"work";86
1127;"eee@bmo.com";"work";59
1128;"FRED.FLINSTONE@BEDROCK.PARK.ON.CA";"personal";78
1129;"FRED.FLINSTONE@BEDROCK.PARK.ON.CA";"work";65
1130;"FRED.FLINSTONE@BEDROCK.PARK.ON.CA";"work";38
1131;"pat.laycraft@hotmail.com";"personal";75
1132;"pat.laycraft@rogers.com";"work";40
1133;"pat.laycraft@rogers.com";"personal";56
1134;"NABI@NAVER.COM";"work";83
1135;"NABI@NAVER.COM";"personal";50
1136;"NABI@NAVER.COM";"work";70
1137;"NABI@NAVER.COM";"personal";96
1138;"NABI@NAVER.COM";"personal";78
1139;"NABI@NAVER.COM";"work";53
1140;"NABI@NAVER.COM";"work";39
1141;"NABI@NAVER.COM";"personal";84
1142;"NABI@NAVER.COM";"personal";98
1143;"pat.laycraft@hotmail.com";"work";87
1144;"PIRI3@YAHOO.COM";"personal";50
1145;"pat.laycraft@hotmail.com";"work";35
1146;"pat.laycraft@rogers.com";"personal";25
1147;"pat.laycraft@rogers.com";"personal";68
1148;"PIRI3@YAHOO.COM";"personal";54
1149;"PIRI3@YAHOO.COM";"personal";81
1150;"PIRI3@YAHOO.COM";"personal";98
1151;"PIRI58@HOTMAIL.COM";"personal";84
1152;"PIRI58@HOTMAIL.COM";"personal";64
1153;"PIRI58@HOTMAIL.COM";"personal";28
1154;"PIRI58@HOTMAIL.COM";"work";55
1155;"PIRI3@YAHOO.COM";"work";28
1156;"PIRI3@YAHOO.COM";"personal";71
1157;"PIRI3@YAHOO.COM";"work";36
1158;"PIRI3@YAHOO.COM";"work";43
1159;"PIRI3@YAHOO.COM";"work";92
1160;"PIRI3@YAHOO.COM";"personal";57
1161;"PIRI3@YAHOO.COM";"work";49
1162;"PIRI3@YAHOO.COM";"personal";26
1163;"PIRI7@DAUM.COM";"personal";84
1164;"PIRI7@DAUM.COM";"personal";32
1165;"PIRI7@DAUM.COM";"personal";60
1166;"PIRI7@DAUM.COM";"work";52
1167;"PIRI7@DAUM.COM";"personal";29
1168;"PIRI7@DAUM.COM";"personal";50
1169;"PIRI3@YAHOO.COM";"personal";28
1204;"st@bmo.com";"work";63
1205;"ross.laycraft@bmo.com";"work";47
1206;"ross.laycraft@bmo.com";"personal";70
1207;"ross.laycraft@sympatico.ca";"personal";43
1208;"st@bmo.com";"personal";99
1209;"st@bmo.com";"work";28
1210;"SIMON.AZAR@BMO.COM";"personal";30
1211;"SIMON.AZAR@BMO.COM";"personal";23
1212;"st@bmo.com";"work";81
1213;"SIMON.AZAR@BMO.COM";"personal";33
1214;"SIMON.AZAR@BMO.COM";"work";38
1215;"gt@bmo.com";"work";52
